merchant_city,avg_amount,total_transactions
curtis bay,1420.665,2
lake hiawatha,1370.45,1
saint francis,1362.23,1
hatboro,1341.62,1
hoonah,1195.5549999999998,2
orange city,1189.46,1
canoga park,1188.75,1
westwood,1185.25,2
college corner,1093.3,2
mount airy,995.225,2
lacey,975.9,1
glastonbury,921.69,1
carbondale,910.59,1
suitland,904.07,1
coraopolis,873.91,2
malabar,845.2,1
waccabuc,837.29,1
metropolis,798.4,1
del valle,786.7366666666667,3
san joaquin,775.8050000000001,2
larue,769.8100000000001,2
garfield,753.28,1
galt,732.6025,4
roland,731.3033333333333,3
meredosia,703.85,1
eureka,691.0,1
hauppauge,690.68,3
new alexandria,686.63,1
lemon grove,673.01,1
hagerstown,667.22,1
alvaton,659.4749999999999,2
reform,657.11,1
bosque farms,644.15,1
tallahassee,641.56,1
hunker,635.56,1
provincetown,610.78,1
college place,609.96,1
west hempstead,604.54,1
mc dowell,600.4,1
silver lake,592.14,1
alliance,586.1125,4
national city,546.38,1
wylie,540.94,1
king city,537.78,2
south holland,530.15,1
casselberry,526.8833333333333,3
calexico,510.89000000000004,3
dundalk,468.995,2
smithtown,468.30999999999995,3
herriman,466.0,1
carol stream,462.07,2
saline,454.46500000000003,2
longville,449.21,4
robbinsville,436.23,2
land o lakes,424.24,1
watseka,414.0,1
north wales,413.0,1
concordia,411.575,2
dorchester,411.23,2
gotha,408.3833333333334,3
saint james,406.44,2
farmersville,404.91,3
youngtown,401.65000000000003,3
anacortes,390.05,1
sloatsburg,384.17,1
mc cool junction,381.43,3
burton,372.5233333333333,3
valrico,372.28,1
somers,371.56666666666666,6
garrison,354.68,2
hoopeston,354.6366666666667,3
annapolis,350.9475,4
norco,350.52666666666664,3
shortsville,348.12,2
clover,346.34,3
hope hull,343.0,1
azalea,339.0,1
jupiter,336.0133333333333,3
saint peters,334.04333333333335,3
statesboro,331.0,1
castaic,329.1433333333334,3
essex junction,327.0933333333333,3
mabank,326.2366666666667,3
paramount,325.21,2
marble hill,317.86,3
prescott,317.73,5
devine,317.345,4
sleepy eye,317.2633333333333,3
north newton,314.05,2
pennellville,313.79,1
oak hill,313.575,2
crothersville,310.6375,4
penn yan,310.11,2
mashpee,306.82,1
mount crawford,306.2,1
sea girt,302.0,1
oregon,301.355,4
anchorage,297.9050943396226,53
lakeport,296.96,1
mauston,294.42,2
greenup,294.34,3
belle vernon,292.63,3
ashland city,292.51,1
jennings,291.535,4
gilroy,291.3135294117647,17
greeley,288.4975,4
mastic,287.72,1
vail,287.07666666666665,3
tapei,285.26,4
philpot,282.47,1
southbridge,281.8566666666667,3
huntington woods,280.91,1
murfreesboro,277.75,1
swisher,269.71,1
bangkok,268.32,4
coon valley,268.2975,4
lehigh acres,267.44,3
opelousas,266.33666666666664,3
bardstown,263.37666666666667,3
mcdonough,261.49,1
grant park,261.22,1
elmont,259.1023076923077,13
sycamore,258.4871428571429,14
shawnee,257.29,1
atkins,256.8325,4
cypress,256.18333333333334,3
houma,256.0128571428571,7
south windsor,253.89,2
snow camp,252.74,3
lincoln park,250.6195454545455,154
grand island,250.13,3
kalama,246.225,2
lynn,244.74200000000002,5
kyle,242.29357142857143,14
woodhull,242.0,1
abu dhabi,242.0,3
hillside,241.56,1
beasley,240.0,1
blue bell,239.5,2
le sueur,238.215,2
maddock,237.94,1
collegedale,237.76,3
carriere,237.12399999999997,5
fort washington,235.7075,4
liberty,234.62928571428571,14
coachella,234.37333333333333,3
green lane,233.61333333333334,3
titusville,233.10454545454547,11
queens village,232.14666666666668,3
simi valley,230.54000000000002,4
powell,230.298,5
gansevoort,229.725,4
east bend,227.12,1
kenmore,227.00666666666666,3
shavertown,226.935,2
smithville,226.77249999999998,4
ashdown,226.4766666666667,3
malvern,226.4,1
axson,225.81,1
fresh meadows,225.75,5
sheridan,225.72500000000002,2
plant city,223.81071428571428,14
broussard,222.50666666666666,3
coeur d alene,222.0,1
west bend,221.6,3
mason city,220.22,1
galena,220.0,1
waltham,219.645,4
victorville,219.29749999999999,4
rusk,219.28333333333333,3
great bend,218.54,2
delaware,217.78,3
pikesville,216.57142857142858,7
lorena,216.53,3
demotte,216.53,1
springboro,216.07454545454547,11
greenleaf,214.79,4
hackensack,212.91,5
remsen,212.63666666666668,6
lamont,209.98833333333334,6
palmyra,209.81,1
irvine,209.595,2
south ozone park,209.28685714285714,35
jacksons gap,209.155,2
hinsdale,208.76117647058823,34
atlantic city,207.99051282051283,78
mahanoy city,207.94,1
italy,207.68,2
pinckney,206.88888888888889,9
glenrock,206.39,2
glenmont,206.25,2
tarawa terrace,204.70454545454547,11
mcallen,202.23333333333335,9
minooka,202.04,1
middle river,202.00666666666666,3
dolton,201.13,3
streamwood,200.64,3
vicksburg,200.56466666666665,15
palatine,200.345,4
san carlos,199.32999999999998,5
ellenton,199.07,2
rhinelander,198.52777777777777,9
marysville,198.04887096774195,62
bovey,196.925,2
san juan,196.42000000000002,5
hulbert,194.87,1
okolona,194.76636363636362,11
onalaska,194.005,2
moundsville,193.95000000000002,3
southold,193.27,2
pound,192.9,1
dripping springs,192.4725,4
tracy,191.785,6
winfield,191.3725,4
old hickory,191.166,5
stilwell,190.5575,4
dekalb,190.0,2
floyd,189.91,1
coppell,188.96666666666667,3
tiverton,188.61,3
glenview,187.1314285714286,7
glasgow,186.7575,4
west deptford,186.49,1
south park,184.99333333333334,3
paris,184.5457142857143,7
haiku,184.39,4
west frankfort,182.86,3
saint stephen,182.16285714285715,7
pearl city,180.078,5
williamson,180.07714285714286,7
port matilda,180.0,1
oberlin,180.0,1
belfast,180.0,1
canaan,179.16,3
susanville,178.79125,8
pocatello,177.75,1
dillwyn,177.2266666666667,3
kensington,176.55333333333337,3
blythe,176.106,5
north platte,175.7975,4
dunnellon,175.53,1
mission hills,175.39666666666668,3
thackerville,174.90527777777777,36
amityville,174.373,10
spring hill,174.1375,4
cliffside park,173.52,1
new hartford,172.92000000000002,2
welch,171.53,1
martin,171.46,1
west lafayette,171.43625,8
warwick,170.63333333333333,15
bernardsville,170.46666666666667,3
good thunder,168.17,1
taunton,167.91,2
redlands,167.69333333333336,3
waianae,166.63491712707184,181
wilmington,165.70761904761906,21
seneca,163.03615384615384,13
browntown,162.76,1
mchenry,162.65,6
hinton,162.52333333333334,3
desha,162.4325,4
panorama city,161.2027272727273,11
miller place,160.83800000000002,5
lynchburg,160.0,1
margarettsville,158.31,2
beaufort,158.26625,8
taylor,158.05928571428572,14
south bay,156.39,1
monroeton,155.675,2
brown city,155.37,1
port jervis,155.28,1
aransas pass,155.23250000000002,4
conroe,154.61588235294116,17
hallandale,153.66114285714286,35
newborn,153.2475,4
rumford,152.51,2
maurice,151.83,1
alburnett,151.45000000000002,3
byers,151.2,1
elberton,149.9,1
rosemead,149.68428571428572,7
hamlet,149.13333333333333,3
dallas city,149.12,1
evans,149.03125,8
port allen,148.9,3
holyoke,148.635,2
lake worth,148.48944444444444,18
apopka,148.35,2
apex,147.7725,8
corryton,146.23,1
saint martinville,146.06,8
santa ysabel,145.7,1
sun city center,145.5,1
clearwater,145.4881818181818,11
lidgerwood,144.95,1
greenbrier,144.65666666666667,3
baldwin,144.6153846153846,13
glade spring,142.68,2
manistee,142.01999999999998,2
osakis,141.98,1
tarrytown,141.25,1
glens falls,141.1625,4
placerville,140.868,5
essex,140.39000000000001,2
morgan hill,140.33807692307693,26
clermont,140.0,4
edwards,140.0,1
wimauma,139.6,1
enfield,139.3475,4
warrington,139.15333333333334,12
brick,138.08166666666668,6
zionsville,137.7,1
philo,137.21,1
burns,137.105,4
san ramon,136.9725,4
saxonburg,136.78,1
convoy,136.46,1
hunlock creek,136.39333333333335,3
dutton,136.22666666666666,3
crane hill,136.165,2
rowland,135.73499999999999,2
sonora,135.185,2
waikoloa,135.13000000000002,3
hockessin,134.51,4
mars,134.3668181818182,44
staten island,134.328,25
lemoore,133.93285714285716,7
spring,133.455,12
bridgewater,133.38583333333335,12
zwolle,133.33333333333334,3
issaquah,133.06083333333333,24
palmer,132.89,1
east greenwich,132.52666666666667,3
litchfield,132.25,2
beaver falls,130.99,2
splendora,130.86666666666667,3
hialeah,130.768,10
rome,130.435,16
wantagh,130.37035714285713,28
addison,130.1577777777778,9
brook park,130.0,2
millis,129.83333333333334,6
las vegas,129.5846782178218,404
clyo,129.41,1
clearfield,129.18733333333333,15
goleta,128.87,1
binghamton,128.77772727272728,44
wittenberg,128.3,1
warrensburg,127.58,1
channelview,126.75564102564103,39
lucedale,126.52555555555556,27
yorkville,126.18,1
cliffwood,126.17,1
imperial beach,126.07916666666667,12
yelm,125.66333333333334,3
ortonville,125.0,24
spring grove,124.98205882352943,34
prospect hill,124.48,1
del mar,124.098,5
bladensburg,123.96333333333332,6
conyers,123.6,1
lindenhurst,122.61571428571429,7
urbana,122.58500000000001,2
dunlap,122.52153846153846,13
fort pierce,122.07473684210527,19
beijing,121.85923076923078,13
shade,121.745,2
jersey city,121.14333333333332,3
menominee,121.035,4
amsterdam,121.00999999999999,12
southbury,120.65666666666665,3
woodberry forest,120.16999999999999,5
yermo,120.15,1
fulton,120.0,1
boulder creek,120.0,6
sikeston,120.0,1
butternut,120.0,1
tokyo,119.23714285714286,7
cedar creek,118.86,1
maple valley,118.62916666666666,24
east hanover,118.446,5
bound brook,117.47500000000001,2
north las vegas,116.711875,32
rancho cordova,116.69166666666666,6
berry,116.215,2
west new york,116.05,28
doyline,115.85,1
chapin,115.56,2
kintnersville,115.3,2
lafayette,115.2776842105263,95
williston,114.52250000000001,4
bennettsville,114.46599999999998,5
alexandria,114.43962962962962,27
hamburg,114.27153846153846,13
wayland,114.1025,12
ransomville,114.05000000000001,2
cooperstown,113.99,1
palm springs,113.89,1
corcoran,113.83,1
park city,113.125,4
cottondale,112.83999999999999,3
mohegan lake,112.685,8
eastchester,112.33999999999999,3
sammamish,112.23666666666666,3
tumbling shoals,111.88,1
oakland,111.80891207153502,671
maspeth,111.75,1
paia,111.72,1
new albany,111.62923076923076,13
rougemont,111.47,1
youngsville,111.42857142857143,7
smithfield,111.37666666666667,3
eagle point,110.9090909090909,11
alto,110.49,1
linden,110.117,10
accokeek,110.08,5
gas city,110.03,1
new oxford,110.0,2
aquasco,110.0,2
san juan capistrano,110.0,4
bridgeview,109.87,1
indian orchard,109.84,2
rutherfordton,109.53,1
bemidji,109.37555555555555,9
henrietta,109.37,3
lyman,109.18,3
roslyn,109.17818181818183,11
fuquay varina,109.173,10
westlake,109.06700000000001,10
clifton springs,109.04307692307692,13
west jordan,108.74666666666667,3
sun city,108.54875,8
mineral wells,108.45333333333333,3
northbridge,108.37,1
port au prince,108.16230769230768,13
granite bay,107.805,2
bellingham,107.75999999999999,2
vallejo,107.63499999999999,6
glen burnie,107.57047619047619,21
chanhassen,107.56,1
golden,107.37583333333333,12
collierville,107.2775,8
yukon,107.08,1
playa del rey,107.05666666666667,3
pinole,106.87277777777778,36
bangor,106.83824999999999,40
hixson,106.80714285714285,14
worden,106.77333333333335,3
waynesboro,106.69343434343433,99
owenton,106.69333333333334,3
runnemede,106.66666666666667,6
russellville,106.08500000000001,4
weare,106.05,1
durand,106.0475,8
ho chi minh city,105.89454545454547,11
attica,105.75999999999999,3
arlington heights,105.759,30
huntington park,105.64857142857143,7
silverdale,105.45454545454545,11
tishomingo,105.38,3
manvel,105.28,1
hales corners,105.21,1
palmetto,105.1470588235294,17
oktaha,104.6125,4
college station,104.55428571428571,7
yorktown heights,104.50699999999999,10
craftsbury,104.49,1
bayfield,104.02333333333335,6
titonka,104.0,5
ladonia,103.7225,4
stevens point,103.69076923076923,13
pedro,103.66333333333334,3
lakeland,103.60755555555556,45
colbert,103.37,14
pataskala,103.33333333333333,6
texas city,103.0942857142857,63
naperville,103.05727272727273,22
hernando,102.85714285714286,7
venice,102.53428571428572,7
middlesex,102.23750000000001,8
altadena,102.145,2
brazil,102.14,1
el reno,101.948,5
van nuys,101.44800000000001,10
petersburg,101.29166666666667,6
muscle shoals,101.238,5
mckinney,101.20880000000001,25
westport,101.19,4
gretna,101.15,5
perkasie,101.1275,4
orrington,100.66,1
fredericktown,100.54,1
little neck,100.261875,32
fairmont,100.0,1
elba,100.0,1
hazel green,100.0,1
nacogdoches,100.0,1
oakton,100.0,4
homosassa,100.0,5
longboat key,100.0,3
prescott valley,100.0,3
ancram,99.72,1
grawn,99.61,1
rancho palos verdes,99.39166666666667,18
warminster,99.36055555555555,18
black eagle,99.35499999999999,2
castle rock,99.34038461538461,26
algoma,99.33,1
ogden,99.04444444444444,27
arlington,98.83968152866242,157
humbird,98.755,2
luck,98.61571428571428,7
sherman,98.58026315789475,38
medway,98.42,1
costa mesa,97.83,5
dadeville,97.76111111111112,9
gosport,97.74000000000001,3
carmel valley,97.35459016393443,61
baraboo,97.30571428571429,7
mechanicville,97.29333333333334,3
glen head,97.25,1
johnstown,96.93153846153847,26
buckatunna,96.755,2
gallatin,96.66666666666667,6
san lorenzo,96.64125,8
waterloo,96.455,8
singapore,96.41,5
macomb,96.39470588235294,17
winnemucca,96.35,1
kailua kona,96.27437499999999,16
nemacolin,96.08399999999999,5
west chester,96.001875,32
mims,96.0,5
hudson,95.94979591836734,49
cameron,95.624,5
masontown,95.52,1
kamuela,95.33500000000001,2
highland,95.29045454545455,66
geneseo,95.05777777777777,9
hazelwood,95.0,12
perry,94.9709090909091,11
searcy,94.83,16
seymour,94.568,35
palos verdes peninsula,94.54785714285715,56
forest hills,94.47909090909091,22
peckville,94.46,4
port angeles,94.15,1
brookfield,94.01416666666667,12
wallins creek,93.75999999999999,2
lampasas,93.689,10
pittsburg,93.61744186046512,43
peoria,93.536,10
memphis,93.43729729729729,296
windermere,93.41,1
pawling,93.39663043478261,92
campbellton,93.33333333333333,9
russell,93.31333333333333,12
porterville,93.22,1
plattekill,93.0490909090909,11
medina,93.00666666666666,6
fort recovery,92.88,2
eagle,92.85999999999999,10
oak harbor,92.76166666666667,12
harrisburg,92.73087719298245,57
glenn dale,92.62,1
thornton,92.59,1
santa monica,92.38666666666666,3
grove city,92.33999999999999,6
woburn,92.30307692307693,13
catskill,91.87,2
lakota,91.81,1
canyon country,91.77000000000001,4
adrian,91.75366666666667,30
el prado,91.71,1
pahrump,91.665,2
boyne city,91.6425,8
west greenwich,91.63,2
osceola,91.3,1
inver grove heights,91.23,1
bumpass,91.12204545454546,44
hampstead,91.03867924528302,53
port reading,90.88,1
springwater,90.83818181818182,11
mill creek,90.70555555555556,9
giddings,90.63250000000001,4
glen allen,90.43857142857142,7
gold beach,90.33,1
dobson,90.24,1
elkhorn,90.13,5
plainfield,90.00777777777778,9
tryon,90.0,14
scarbro,90.0,8
manteo,90.0,4
richfield springs,89.72,1
neshanic station,89.63666666666667,3
palm beach,89.44428571428571,14
lake zurich,89.405,2
etters,89.4,10
pike road,89.320625,16
westhampton,89.28714285714285,7
newtown,88.94678571428572,112
chittenango,88.92666666666666,3
beachwood,88.775,8
derry,88.57142857142857,7
centreville,88.5425,12
munster,88.36666666666667,3
carney,88.36333333333333,3
sulphur,88.36142857142856,7
newton grove,88.29268292682927,41
carrboro,88.24666666666667,3
san francisco,88.16141280353202,453
southfield,88.06,1
san pablo,87.99909090909091,11
brownsboro,87.975,4
hiawatha,87.88,1
truckee,87.6923076923077,13
morganton,87.60166666666666,18
royalton,87.59,1
ogdensburg,87.436,5
folsom,87.38142857142857,7
colchester,87.22842105263157,19
oil city,87.148,5
arkansas city,87.035,2
waterbury,86.89045454545455,22
johannesberg,86.86764705882354,17
skaneateles falls,86.66666666666667,9
bradley,86.66666666666667,3
lynbrook,86.66666666666667,6
longmont,86.66666666666667,12
spotsylvania,86.59740740740742,27
colonial heights,86.53999999999999,2
arcadia,86.46885057471265,87
wassaic,86.43,1
cedar falls,86.269,10
point roberts,86.20333333333333,3
santo domingo,86.15105263157893,19
abingdon,86.0490909090909,11
schaumburg,85.99411764705883,17
stonewall,85.97,1
clarkston,85.92875000000001,40
canby,85.885,2
kouts,85.79666666666667,3
marcellus,85.73,1
harwood,85.5465625,32
barry,85.51,1
cedar bluff,85.42,1
stone mountain,85.312,15
hebbronville,85.16972972972974,37
nanuet,85.12,1
brighton,85.10529411764706,68
chatham,85.06,8
tipton,85.05444444444444,9
malta,85.0,4
mc lean,84.997,10
montgomery village,84.97999999999999,9
jacksonville,84.90730158730159,252
bruce,84.83,3
rio rancho,84.79964285714286,56
denham springs,84.76,2
yorba linda,84.73819047619047,315
northumberland,84.695,4
malcolm,84.66,1
eden,84.59,5
port arthur,84.58500000000001,2
redmond,84.576,10
ottumwa,84.51333333333334,6
lutherville timonium,84.455,2
sarver,84.28571428571429,14
olean,84.285,2
luverne,84.19909090909091,33
sebring,84.02888888888889,9
montesano,84.0,5
trafford,84.0,5
south hill,84.0,5
hannibal,83.83041666666666,24
clio,83.72999999999999,5
zion,83.63636363636364,11
brentwood,83.59,19
merritt island,83.57103773584906,212
benicia,83.55666666666666,6
port chester,83.4396875,64
ambler,83.24,1
chino hills,83.13666666666667,27
sandston,83.061,20
anderson,82.83233333333332,30
caldwell,82.71220588235295,68
eugene,82.68928571428572,14
plover,82.57,1
barbourville,82.56618181818182,55
leona,82.565,2
preston,82.54333333333334,3
new city,82.42571428571429,7
glendora,82.285,4
la vergne,82.28399999999999,5
isanti,82.24,1
fifield,82.16,1
schenectady,82.10175675675676,74
chino,82.0430909090909,55
leawood,82.01,1
olney,81.824,5
peaks island,81.82,1
morrisville,81.70291666666667,24
denver,81.6988,25
knoxville,81.59032520325204,123
blair,81.53717948717949,39
key biscayne,81.53333333333333,3
emerald isle,81.49,1
inkster,81.4425,4
potsdam,81.3,3
boulder,81.09552238805969,67
kalamazoo,81.05888888888889,36
san angelo,81.01786885245902,61
grafton,80.986,10
mathis,80.93333333333334,15
old town,80.89,3
tilton,80.845,2
versailles,80.83689655172414,29
atwater,80.80846153846154,13
cheraw,80.72,2
bayonne,80.675,10
eclectic,80.47,2
short hills,80.45826086956522,23
new columbia,80.44,1
belcamp,80.405,4
satsuma,80.33666666666666,3
la canada flintridge,80.02,1
saint regis falls,80.0,1
au gres,80.0,2
moody,80.0,3
muleshoe,80.0,2
hood river,80.0,5
wildomar,80.0,2
west des moines,80.0,1
mifflinville,79.865,2
berlin,79.86283783783784,74
cortaro,79.80600000000001,10
erie,79.76083333333334,12
ingleside,79.72538461538463,13
londonderry,79.64,1
rocky point,79.62387096774194,62
norcross,79.56071428571428,14
mineola,79.30428571428571,7
rolling fork,79.285,2
poquoson,79.23333333333333,3
chardon,78.94923076923077,39
wilsonville,78.91,1
mount kisco,78.90014084507042,71
strongsville,78.89515151515151,33
san gabriel,78.87875,8
warsaw,78.73846153846154,104
copperas cove,78.205,2
sutter creek,78.15948717948717,78
blauvelt,78.11666666666666,6
westlake village,78.03,2
la verne,78.01838235294117,68
new knoxville,77.94142857142857,7
shreveport,77.8800641025641,156
jenks,77.87249999999999,12
hanover,77.83,5
benton harbor,77.675,2
texhoma,77.63,1
fox lake,77.56222222222223,9
spencerville,77.37571428571428,7
massapequa,77.33555555555556,9
quinton,77.28999999999999,2
waimea,77.26083333333334,12
switz city,77.24333333333333,9
berkeley,77.18434782608696,23
nyack,77.17,8
corunna,77.16,1
rowlett,77.1175,4
ellicott city,76.55460317460319,63
anna maria,76.5425,12
gunter,76.50083333333333,24
woodland hills,76.45310344827585,58
california,76.29,1
secaucus,76.07,4
shipshewana,76.02285714285713,7
davenport,76.01940298507463,67
center line,76.0,5
waimanalo,75.9364,25
lavallette,75.83484848484848,33
new providence,75.81727272727272,11
south hadley,75.79333333333334,3
piggott,75.68272727272728,11
lake charles,75.57344262295081,122
monroe township,75.53439024390244,41
south lyon,75.4075,4
cumming,75.404,5
pinehurst,75.4025,32
newport news,75.36633802816901,71
san mateo,75.35011494252873,87
spurlockville,75.315,2
new bremen,75.3106976744186,43
alburtis,75.29638095238096,105
wake forest,75.25999999999999,2
badger,75.1078947368421,19
daly city,75.08717948717948,39
berkeley heights,75.00180995475114,221
sunnyvale,74.99771428571428,70
shingletown,74.83,1
rockwall,74.80850000000001,80
east setauket,74.75,1
afton,74.67857142857143,7
la grange park,74.64500000000001,2
woodbridge,74.53536231884058,69
little compton,74.49,3
forest lake,74.47875,8
owensboro,74.4725,4
murrieta,74.4676,50
la grange,74.45520408163264,98
oneonta,74.34322580645161,31
sewell,74.28,1
oakland gardens,74.18833333333333,6
east chicago,74.145,2
jericho,74.03,1
milford,73.97200000000001,5
cotton valley,73.942,10
rush springs,73.92666666666666,3
devils lake,73.91,4
zanesville,73.74,1
nesconset,73.685,2
metairie,73.61272727272727,11
ocoee,73.5955,20
north little rock,73.58955056179775,89
vergennes,73.554,5
marvell,73.33333333333333,15
montrose,73.28,1
fort ashby,73.27,1
san marcos,73.24,24
apple river,73.20587301587302,63
filion,73.17,1
olathe,73.11175438596491,57
fort worth,73.09686274509804,204
canon city,73.06,1
huntington beach,73.04153846153847,13
gilford,72.99666666666667,3
miami beach,72.96875,8
connersville,72.96,1
lovettsville,72.945,4
cedar hill,72.94,1
central village,72.93,1
boone,72.67384615384616,13
edmonds,72.61681818181818,44
bay city,72.58200000000001,5
pleasant valley,72.56400000000001,30
creswell,72.47166666666666,6
dry fork,72.44363636363636,11
lonoke,72.40333333333334,6
telford,72.33736842105263,57
kersey,72.33333333333333,3
coralville,72.29,6
voorheesville,72.211,10
avoca,72.18,1
wilkes barre,72.17264705882353,34
decorah,72.13666666666667,3
vidalia,72.13000000000001,6
falls church,72.105,2
crawfordsville,72.05,1
menifee,72.0,5
garysburg,72.0,5
grantville,71.99344827586206,58
sparta,71.955,2
kewanee,71.95,6
lake delton,71.84400000000001,15
cancun,71.83196721311475,61
north kingstown,71.80777777777777,18
roselle,71.80375000000001,8
osprey,71.79913669064749,139
broomfield,71.64142857142858,7
fenton,71.62899999999999,40
broad top,71.5275,4
chantilly,71.52518518518518,81
baltimore,71.5198717948718,78
north fork,71.394,10
hamden,71.38,2
spokane,71.31166666666667,6
trout lake,71.3075,4
sharon springs,71.3,4
blackwood,71.20692307692308,26
galesville,71.13,3
kennett square,71.11535714285715,28
flowery branch,71.025,2
bullhead city,70.88000000000001,3
ridgeland,70.833125,16
sevierville,70.82733333333334,15
allison park,70.75666666666667,6
cabo san lucas,70.71785714285714,14
mamaroneck,70.62941176470588,51
youngstown,70.5909375,32
concrete,70.5875,8
newport center,70.5311111111111,9
fairfax station,70.525,8
williamstown,70.51567567567568,74
prattville,70.49,9
white plains,70.4575,24
moline,70.33,1
woodbury heights,70.315,2
bothell,70.28427884615385,208
cumberland,70.26363636363637,11
marana,70.244,5
pecatonica,70.18,1
pueblo,70.10875,8
central,70.065,2
warren,70.02591836734693,49
placitas,70.0,12
new waterford,70.0,6
eads,69.99,5
lisman,69.97,1
cocoa,69.94166666666666,72
hawthorne,69.92666666666666,54
willoughby,69.89533333333334,15
pascoag,69.88597222222222,72
crandon,69.86,3
nokesville,69.75874999999999,8
belleville,69.75829493087558,217
muldrow,69.73162790697674,43
saint henry,69.7028,25
west harrison,69.67366666666666,30
mexico,69.494,5
byron,69.465,4
forrest city,69.38333333333333,3
san ysidro,69.22444444444444,9
granby,69.07,1
devon,69.06700000000001,10
cooper,69.01846153846154,52
flint,68.9875,24
black diamond,68.96782608695652,23
montandon,68.95,2
gregory,68.9021,100
port royal,68.9,1
santa cruz,68.88,4
catoosa,68.87,1
augusta,68.75483870967743,31
federal way,68.7350925925926,216
vista,68.72202898550724,69
fernley,68.67,1
puyallup,68.64407894736841,76
coram,68.61333333333333,3
new washington,68.61,1
orangevale,68.58999999999999,9
charlotte,68.58434977578474,223
york,68.58425,40
urbandale,68.57929824561404,57
carmel,68.5740404040404,99
moorhead,68.57142857142857,7
clanton,68.53999999999999,5
anaheim,68.53357142857143,98
mountain view,68.50111111111111,9
camp hill,68.44323529411766,68
georgetown,68.38643478260869,115
denison,68.36,1
tunnel hill,68.28666666666668,9
saint petersburg,68.19,1
new lexington,68.14,2
conway,68.13064516129033,31
underwood,67.95333333333333,3
yucaipa,67.88,3
marrero,67.82571428571428,7
north hills,67.81333333333333,9
dixfield,67.67333333333333,3
alameda,67.58541666666666,24
ronkonkoma,67.56722222222223,36
puerto vallarta,67.49142857142857,7
grand prairie,67.473,70
coal city,67.46111111111111,9
windsor,67.4389423076923,104
cherry hill,67.40576576576576,111
bethany,67.39,1
spicer,67.34,1
west babylon,67.32,2
cockeysville,67.28,2
phoenix,67.27522727272728,132
chestertown,67.265,2
valdese,67.195,4
new kensington,67.185375,80
hudsonville,67.16,1
coosada,67.15,1
katonah,67.12989795918367,98
plantsville,67.12666666666667,9
sherman oaks,66.98321428571428,112
san jose,66.9674089068826,247
renfrew,66.88857142857144,21
humphrey,66.88666666666667,3
wishek,66.87,2
moosup,66.842,5
granville,66.84014598540146,137
wellington,66.81888888888889,18
kissimmee,66.80081395348837,86
cordova,66.79969387755102,98
portland,66.79844660194175,103
scarsdale,66.78,4
cazenovia,66.77166666666666,6
haverstraw,66.75333333333333,3
clarion,66.725,12
brockport,66.70642857142857,14
woodsfield,66.66666666666667,3
hazleton,66.65,6
deerfield,66.60000000000001,3
kensett,66.59,1
eagle river,66.58,1
coopersville,66.5475,4
mahomet,66.53,9
new brockton,66.48,4
appling,66.42333333333333,3
bullock,66.41588235294117,17
easley,66.4025,4
matthews,66.39178571428572,84
south bend,66.28428571428572,7
springvale,66.25272727272727,11
chester,66.2262962962963,27
atlanta,66.10725417439703,539
lapeer,66.106,5
pleasanton,66.1,9
alexander,66.08866666666667,15
greenville,66.01967213114754,244
burleson,66.0,3
gold hill,65.965,6
salt lake city,65.94200000000001,10
canal fulton,65.9121875,32
east millinocket,65.88,1
humble,65.87246376811594,69
camas,65.8585,60
norwell,65.8375,4
kent,65.79181818181819,11
sun valley,65.77481481481482,27
oxford,65.774,10
grove,65.65545454545455,11
bertram,65.63333333333334,3
mokena,65.60725,40
shanghai,65.60357142857143,42
penryn,65.59285714285714,7
conneaut,65.52,1
dequincy,65.48571428571428,7
beacon falls,65.4749411764706,85
valley center,65.41796296296296,54
neshkoro,65.38,4
homer glen,65.27,1
keokuk,65.14785714285715,14
kutztown,65.12,2
lompoc,65.07000000000001,6
larchmont,65.05928571428572,28
seward,65.0225,4
oviedo,65.01095238095238,105
fairmount,64.99199999999999,5
elyria,64.94162790697675,43
virginia beach,64.90475409836066,122
bernie,64.87,1
fredericksburg,64.869,10
hawkins,64.84333333333333,3
wynnewood,64.83523076923076,65
louisville,64.79735027223231,551
olivia,64.76333333333334,3
bridge city,64.76071428571429,14
shelton,64.66102564102565,78
sebastian,64.56,1
guadalajara,64.53526315789475,19
greenwood lake,64.495,2
wilton,64.49481481481482,81
copiague,64.46976190476191,42
alice,64.42,1
birchwood,64.33454545454546,22
frisco,64.3248717948718,39
hillsborough,64.21,3
greenwood,64.160625,48
diamond bar,64.125,8
gardena,64.10193548387097,31
hutto,64.08549019607844,51
avon,64.0680487804878,41
garland,64.0096186440678,236
morristown,63.97805555555556,108
whiteland,63.926666666666655,3
defiance,63.84991228070176,114
crumpler,63.815625,16
central falls,63.81333333333333,3
sauk rapids,63.7525,4
boston,63.7404,100
scottsdale,63.64451923076923,104
kirkville,63.61460317460317,63
pulaski,63.557500000000005,4
minneapolis,63.530233100233104,429
beaver dam,63.494285714285716,7
corfu,63.41799999999999,5
eastford,63.4064705882353,34
camarillo,63.4,6
ford city,63.347142857142856,7
blackwell,63.29666666666666,3
tylersport,63.24714285714286,7
satellite beach,63.224999999999994,2
duke,63.18,1
stella,63.13333333333333,3
grasston,63.11,1
north bergen,63.074999999999996,2
andersonville,63.06227272727272,22
cabazon,63.055,6
visalia,63.04666666666666,3
levittown,63.00061728395062,162
central city,62.953333333333326,3
sodus,62.91982758620689,58
elmira,62.9048275862069,58
mamou,62.854,5
irvington,62.83927083333333,96
jonesville,62.82333333333333,18
lincoln,62.81565789473684,152
north haven,62.759166666666665,12
saint paul,62.74333333333334,66
wenatchee,62.73,1
camino,62.72,1
fannettsburg,62.7,1
west palm beach,62.691250000000004,56
odell,62.67,2
orlando,62.66957613814756,637
bellevue,62.63727272727272,22
rosemount,62.57500000000001,6
savage,62.563125,16
lexington,62.56,100
rockford,62.52232,125
suffolk,62.49764705882353,34
star city,62.49333333333333,3
gillham,62.48,1
covington,62.45578947368421,19
reedsport,62.43333333333334,3
hastings,62.425714285714285,35
gallup,62.41,3
reynoldsburg,62.400000000000006,6
neillsville,62.395,2
hampden,62.39,14
lancaster,62.38242990654206,214
maria stein,62.36125,8
overland park,62.33141304347826,92
brockton,62.32090909090909,11
kailua,62.279111111111106,45
woodway,62.27285714285714,49
whittier,62.26135802469136,81
east northport,62.225882352941184,17
mount laurel,62.215,4
wheat ridge,62.21,1
salisbury,62.175,44
battle creek,62.14898734177215,79
pleasant hill,62.09571428571429,7
sartell,62.05,1
mechanicsburg,62.02952830188679,106
heltonville,62.02,1
morris,62.00966666666667,30
billings,62.0028431372549,102
pocahontas,61.98333333333333,3
bellville,61.974000000000004,5
la fargeville,61.95444444444445,18
niagara falls,61.9264705882353,34
belvedere tiburon,61.8976923076923,13
liverpool,61.88,1
clever,61.843650793650795,63
abilene,61.81263157894737,19
rush,61.80431818181818,44
burnham,61.800000000000004,7
texarkana,61.774523809523814,42
la mirada,61.76714285714286,7
huntington station,61.75155555555556,90
lynden,61.74,1
hawarden,61.73965714285715,175
heflin,61.72933333333334,15
centre,61.727,10
online,61.70972703213611,13225
farmington,61.70708133971292,209
las cruces,61.694545454545455,11
bel air,61.68375,8
raleigh,61.68140625,64
midway city,61.63,1
wildwood,61.618620689655174,29
circle pines,61.60999999999999,6
carlyle,61.60055555555555,18
central square,61.588,5
steele,61.54,13
mc cordsville,61.524,10
joshua,61.522499999999994,4
elverson,61.494285714285716,7
san andreas,61.47222222222222,9
district heights,61.449999999999996,12
southlake,61.44,2
marshfield,61.404250000000005,40
tennille,61.38,1
wynne,61.34090909090909,22
columbia station,61.32333333333333,3
markesan,61.3,2
laughlintown,61.278333333333336,6
sylmar,61.27230769230769,13
stoughton,61.23428571428571,7
irving,61.22314814814815,54
midland,61.21727272727273,33
thompsons station,61.21373333333333,75
holden,61.08806451612903,31
manila,61.076666666666675,3
keithville,61.0525,4
west barnstable,60.91461538461538,13
bloomingburg,60.89,1
mount perry,60.875,2
muskego,60.845625,16
caseyville,60.83166666666667,6
fergus falls,60.815,2
aberdeen,60.81476190476191,21
grand ronde,60.81,2
mount shasta,60.79333333333333,3
new castle,60.78793103448276,29
maroa,60.78,8
eaton,60.72538461538461,13
fremont,60.693749999999994,72
west chazy,60.67,2
branford,60.6672,25
hyattsville,60.657777777777774,27
lorton,60.65089108910891,101
middletown,60.650877192982456,114
smith center,60.6325,4
elloree,60.62,1
portsmouth,60.56214285714286,14
clarkson,60.561428571428564,7
north troy,60.55,8
stigler,60.505,4
naugatuck,60.469032258064516,62
pleasantville,60.45111111111112,45
anthony,60.44,6
east troy,60.421666666666674,12
osseo,60.41600000000001,5
southaven,60.410000000000004,9
newtown square,60.39052631578948,19
tiffin,60.36,4
mooresville,60.355000000000004,4
newburgh,60.35312925170068,147
san fernando,60.33098765432098,81
lockport,60.26481481481482,27
constantine,60.230000000000004,2
mentone,60.17222222222222,9
grass lake,60.166999999999994,10
highlands,60.149,40
roundup,60.0825,4
cornwall on hudson,60.05,1
cedartown,60.0,1
lake arthur,60.0,1
new berlin,60.0,7
blountsville,60.0,1
astoria,60.0,4
lutz,59.87428571428571,7
oakwood,59.87166666666667,12
etowah,59.870303030303035,33
torrington,59.86,1
glasco,59.845,4
haslett,59.839999999999996,2
west union,59.77,3
russellton,59.67666666666666,15
biola,59.62,1
parkers prairie,59.59058823529411,17
kansas,59.59,1
neodesha,59.586666666666666,6
sullivan,59.58325,40
plains,59.4825,4
jonesborough,59.400000000000006,2
new york,59.32023294509151,601
west hartford,59.31105263157895,19
somerville,59.28408695652174,115
dandridge,59.28363636363636,22
marietta,59.27588495575221,226
bean station,59.23130434782608,23
coushatta,59.195600000000006,25
homestead,59.15,1
madisonville,59.05777777777777,9
valley stream,59.031724137931036,87
red hook,58.98909090909091,22
woonsocket,58.97435897435897,39
lucasville,58.970652173913045,46
roanoke,58.92470588235294,51
boonville,58.87428571428571,7
cincinnati,58.864999999999995,20
gainesville,58.85585585585586,333
woodridge,58.83,1
newland,58.82592592592592,27
ainsworth,58.814,15
carson,58.81,1
loami,58.79999999999999,6
stirling,58.79,2
ravensdale,58.746,5
kankakee,58.726,5
south amboy,58.654999999999994,2
montreal,58.61655172413793,58
norwalk,58.55285714285714,105
palm beach gardens,58.46408450704225,71
copperopolis,58.4475,4
port orchard,58.35430769230769,65
mitchell,58.24886363636363,44
boise,58.24675675675676,37
spring valley,58.22512195121951,41
rio dell,58.22428571428572,7
kaneohe,58.212500000000006,52
phelan,58.21,10
rosebush,58.208400000000005,50
avery,58.198,5
east saint louis,58.165,4
gulf breeze,58.160000000000004,5
ellwood city,58.14666666666667,3
fort lauderdale,58.09855172413793,145
hesston,58.09,1
hubbard,58.08436363636363,55
washington,58.076778523489935,149
grantham,58.03875,16
hermitage,57.99357142857143,14
los alamos,57.95,1
los altos,57.942432432432426,111
spanaway,57.94125,8
westminster,57.92354609929078,141
westbury,57.91,3
leesport,57.89,2
henderson,57.8663440860215,93
houston,57.85201227830832,1466
morehead,57.77,1
schofield,57.76571428571429,7
odenton,57.74666666666667,3
holly springs,57.73,1
pikeville,57.70363636363636,11
parsippany,57.69233333333333,90
rushville,57.685,4
downey,57.64388888888888,18
annville,57.546666666666674,3
solon,57.53209302325582,43
hamilton,57.52855855855856,222
round mountain,57.5025,4
north dartmouth,57.49333333333334,3
upper marlboro,57.476742424242424,132
menasha,57.472463768115944,69
quincy,57.430103092783504,97
reading,57.423333333333325,12
west sand lake,57.42,4
frenchburg,57.41,2
bozeman,57.408,5
joshua tree,57.24564516129032,62
deer river,57.230000000000004,2
mount vernon,57.21897727272728,176
denton,57.13666666666667,9
nashport,57.12574297188755,249
south mills,57.095,2
gause,57.065714285714286,14
bellaire,57.023870967741935,62
de soto,57.012941176470584,51
burke,56.96099236641221,131
laguna hills,56.95125,8
round lake,56.914923076923074,130
cushing,56.90217391304348,23
vienna,56.89420454545455,88
saint charles,56.83197916666666,96
hartford city,56.816833333333335,60
north richland hills,56.78709677419354,31
cannon falls,56.754999999999995,4
burbank,56.7475,4
timberlake,56.71,1
monroeville,56.67714285714286,7
bealeton,56.660000000000004,2
sicklerville,56.63,1
chiefland,56.608,60
woodside,56.57,1
jonesboro,56.551538461538456,26
newport,56.53552631578947,152
tunkhannock,56.517209302325575,43
portage,56.51073170731708,41
middlesboro,56.46,1
newton,56.393571428571434,42
wahiawa,56.36214285714285,14
lincoln university,56.36,1
daingerfield,56.327999999999996,15
yountville,56.326,5
pomona,56.31942307692308,52
cardington,56.30833333333334,6
dickinson,56.28,1
odessa,56.26979591836735,49
saint johns,56.22243902439024,41
south lake tahoe,56.184999999999995,2
high point,56.17296875,64
des plaines,56.166333333333334,30
bath,56.13999999999999,3
auburn hills,56.059999999999995,4
woodbury,56.05400000000001,10
gatlinburg,56.0425,12
alcoa,56.03607843137255,51
schriever,56.03058823529412,17
pottstown,56.03,2
fountain city,56.00120689655173,58
mexico city,55.97217391304348,23
new roads,55.91,2
standish,55.85,1
slatersville,55.83166666666667,12
mabelvale,55.830000000000005,3
pittsford,55.83,1
mansfield,55.791346153846156,52
republic,55.76326923076923,52
miltona,55.746730769230766,52
rimersburg,55.74,8
saint joseph,55.725,20
axtell,55.72,1
pineland,55.70166666666666,6
bethel park,55.652499999999996,4
north bend,55.625499999999995,60
chipley,55.623000000000005,10
quarryville,55.62,1
littleton,55.59285714285715,49
beulah,55.59,8
hammon,55.58,4
university place,55.57,4
north baltimore,55.54125,16
boynton beach,55.496,5
ponsford,55.47666666666667,3
south orange,55.46333333333334,3
rochester,55.39397129186603,209
chandler,55.37548117154812,239
romulus,55.31196428571429,56
millbrook,55.291818181818186,11
severna park,55.26666666666667,3
sandpoint,55.2527027027027,37
novato,55.24,1
grahamsville,55.224999999999994,2
pleasant grove,55.19575,40
garden grove,55.19532608695653,92
eatonton,55.148,5
pinetop,55.13297872340426,47
webster city,55.11,2
adams,55.064,5
carpentersville,55.06136363636363,22
yorktown,55.04,3
benson,55.0,14
tucson,54.99264642082429,461
westpoint,54.99,1
old saybrook,54.979473684210525,57
leander,54.94380434782609,92
traverse city,54.94111111111111,90
silver spring,54.90331168831169,154
johnson city,54.88562962962963,135
grand blanc,54.845,2
heavener,54.8425,8
hamtramck,54.83588235294118,17
oley,54.82,1
camillus,54.804242424242425,66
rockfield,54.71,2
south elgin,54.71,1
stormville,54.705,2
bay village,54.645,2
adel,54.62,1
hope mills,54.60333333333333,3
woodinville,54.59629032258064,62
hancock,54.57,4
fargo,54.5525,12
kennewick,54.53235294117648,119
college park,54.513606557377045,122
toronto,54.50869565217391,69
batavia,54.503035714285716,56
baldwin park,54.48632183908047,87
bluefield,54.48,1
banner elk,54.44583333333333,12
crown point,54.424256410256405,195
westerville,54.37,1
big creek,54.35,1
lafayette hill,54.343333333333334,3
rockwell,54.33,2
kingman,54.28564102564103,117
hurley,54.26916666666667,12
san dimas,54.265,2
columbia,54.22752777777778,360
spencerport,54.19113636363636,44
dade city,54.18,2
covina,54.17842105263157,19
bowie,54.155,4
brandon,54.06450980392157,51
haynesville,54.02428571428572,7
halifax,53.98625,16
wichita,53.978701754385966,285
lonsdale,53.94,1
bakersfield,53.905499999999996,120
dallas,53.84241134751773,705
marbury,53.82909090909091,11
goshen,53.81411764705882,17
upper sandusky,53.80952380952381,42
glen jean,53.76,1
withee,53.741875,16
beaverdam,53.73453125,64
haltom city,53.73,1
watkinsville,53.7275,8
sedona,53.71807017543859,57
redwood city,53.706923076923076,52
wickes,53.7,7
gaylordsville,53.697500000000005,4
north hollywood,53.68907407407408,432
yarmouth port,53.629999999999995,3
cadiz,53.583333333333336,3
dewitt,53.54,1
villa grove,53.530833333333334,12
broadview,53.489999999999995,2
staunton,53.44916666666667,36
clintonville,53.44,4
pharr,53.43666666666667,3
holland,53.431029411764705,68
pauls valley,53.415,2
hampton,53.394864864864864,37
toms river,53.364999999999995,8
miami,53.36439549180328,976
chapmanville,53.333333333333336,3
cedarburg,53.333333333333336,33
brockway,53.32,1
playa vista,53.31,2
wilmette,53.3,10
state college,53.288235294117655,51
menlo park,53.284166666666664,12
sayville,53.276250000000005,8
wichita falls,53.26763636363636,55
chesapeake,53.267258064516135,62
sacramento,53.25345195729537,281
massena,53.24153846153846,13
reston,53.24,6
albany,53.226846153846154,130
delaplane,53.18933333333334,15
firth,53.184285714285714,7
salt point,53.18300000000001,10
goldsboro,53.182,15
union,53.181616161616155,99
ash flat,53.17,2
frederic,53.14142857142857,7
moore,53.13,1
darien center,53.06,1
boulder city,53.03,6
tecumseh,53.02,1
columbia city,52.95464285714286,28
metuchen,52.89,1
holgate,52.86555555555556,9
winchester,52.85931034482759,29
henrico,52.78652173913043,92
calistoga,52.779761904761905,42
douglas city,52.75,1
bremen,52.74,1
philadelphia,52.68703773584906,530
blackville,52.66954545454546,22
athens,52.667878787878784,33
fresno,52.64017543859649,285
somerset,52.636,70
raceland,52.63078125,64
brantley,52.63,1
camden,52.61818181818182,11
camby,52.61666666666667,3
cottonwood,52.603571428571435,14
south sioux city,52.595,2
east amherst,52.58857142857143,7
gilbert,52.58097222222222,72
tornado,52.58,1
suring,52.57142857142857,35
aquashicola,52.555,2
santa clarita,52.555,2
danbury,52.534000000000006,5
cave creek,52.522000000000006,5
peach bottom,52.52,8
hickory,52.50742857142857,105
bethesda,52.49925925925926,27
burkburnett,52.496,5
hacienda heights,52.485,2
whitmore lake,52.477999999999994,5
pleasant mount,52.45,1
archer,52.422000000000004,5
prairieville,52.392906976744186,86
mendon,52.38777777777778,9
guston,52.38071428571429,14
chelsea,52.37625,8
lake george,52.372424242424245,33
levering,52.3525,4
clayton,52.33717647058823,85
shingle springs,52.333333333333336,12
guntersville,52.32333333333333,3
banks,52.24714285714286,7
waipahu,52.21697674418604,43
lewisville,52.19090909090909,55
fort myers,52.18254237288136,59
castalia,52.148,5
syracuse,52.139556650246305,203
lagrange,52.122,10
casper,52.111780821917804,73
ludington,52.04461538461539,52
winter garden,52.01538461538462,13
jefferson,51.992909090909095,55
anamosa,51.913000000000004,30
exeter,51.89652173913043,23
mesa,51.88986486486486,148
thibodaux,51.873333333333335,6
leesburg,51.828372093023255,43
kaysville,51.82333333333333,9
lapel,51.817499999999995,28
asheboro,51.81,1
plano,51.787058823529414,17
bena,51.785,6
millville,51.770714285714284,14
bronson,51.7325,4
sallisaw,51.73,1
ozone park,51.70384615384615,13
san leandro,51.697659574468084,94
plainsboro,51.68125,8
marlton,51.59,2
quemado,51.565,2
duncan falls,51.51,1
fort thomas,51.507777777777775,18
north vernon,51.49,1
makawao,51.48666666666667,3
carson city,51.48243243243243,37
lake hopatcong,51.472857142857144,49
millington,51.464999999999996,110
waupaca,51.45,26
amelia,51.42857142857143,7
rohnert park,51.417500000000004,4
roseboro,51.41444444444445,9
perris,51.371346153846154,52
cortlandt manor,51.37,1
new paltz,51.32181818181818,11
edgefield,51.31666666666667,9
dryden,51.3025,4
east liverpool,51.29833333333334,6
fort valley,51.29,2
stovall,51.260000000000005,2
south gate,51.23318181818181,44
west bloomfield,51.228199999999994,50
mason,51.201875,16
tyler,51.1732967032967,91
friendship,51.17,1
brownwood,51.119230769230775,39
mission,51.11703389830509,118
morris plains,51.04518518518518,54
gillette,51.04272727272728,11
osterville,51.00545454545455,11
revere,50.99313333333333,150
teec nos pos,50.973333333333336,3
danielsville,50.97295454545454,44
amarillo,50.970491803278684,61
whitesboro,50.965,6
pahoa,50.965,2
mingo junction,50.94125,8
fall river,50.88875,8
maitland,50.885000000000005,2
dedham,50.87446808510638,47
toledo,50.809999999999995,2
willowbrook,50.80714285714286,56
santa barbara,50.80601226993865,163
barron,50.784390243902436,82
delavan,50.76957446808511,47
arroyo grande,50.76666666666667,12
myrtle beach,50.73554054054054,148
rockville centre,50.73410714285715,112
kew gardens,50.71818181818182,44
terre haute,50.68142857142857,84
big bear lake,50.66,30
maxton,50.65,1
wheeling,50.64304347826087,23
seminole,50.629999999999995,70
olive hill,50.605000000000004,2
kenton,50.597,20
drummonds,50.576,5
alabaster,50.56,2
east orange,50.52,1
lufkin,50.513,10
searchlight,50.510000000000005,2
raeford,50.480000000000004,13
clementon,50.47,5
petaluma,50.46,1
richardson,50.455000000000005,42
orange,50.453,10
la crosse,50.43666666666667,6
putnam,50.4,9
opa locka,50.38,5
roma,50.38,1
moatsville,50.371428571428574,7
grand rapids,50.37117647058824,170
hendersonville,50.36986046511628,215
eltopia,50.31792682926829,82
ridgefield,50.281594202898546,69
moss landing,50.26181818181818,11
paulding,50.25333333333333,3
candor,50.25,21
iuka,50.24764705882353,17
mcalester,50.240194805194804,154
claremont,50.2372,50
dacula,50.23225806451613,31
union city,50.23147651006711,149
portola valley,50.225,2
gheens,50.22333333333333,12
lemoyne,50.165,4
saginaw,50.165,2
newburg,50.1425,4
murdock,50.13285714285714,7
ridgewood,50.12222222222222,45
danville,50.10953757225434,173
phillips,50.09285714285714,7
sanibel,50.07,1
olga,50.04500000000001,6
berea,50.018571428571434,35
lowell,49.93,1
dennis,49.92,5
cedar park,49.90217821782178,101
cable,49.898888888888884,18
carrollton,49.8316551724138,145
norman,49.79485294117647,68
austin,49.767511312217195,221
valley park,49.74,4
santa ana,49.715714285714284,21
crosslake,49.696,5
melbourne,49.68584415584416,77
euclid,49.67941176470588,17
lombard,49.63333333333333,75
o fallon,49.6152380952381,105
flagstaff,49.58290322580645,31
hopkinsville,49.53,1
spartanburg,49.528,5
zebulon,49.51435897435897,39
winnie,49.5,2
yonkers,49.49670886075949,79
centerville,49.49090909090909,22
trimble,49.44428571428572,7
lomita,49.43,1
barnegat,49.4128,25
catonsville,49.376666666666665,3
venetia,49.28058823529412,17
frankfort,49.26698795180723,83
emmetsburg,49.25,17
stockton,49.225,10
boerne,49.223333333333336,3
andrews,49.21230769230769,52
la crescenta,49.205,8
king of prussia,49.202,10
livermore,49.155,2
paradise,49.13928571428572,28
niles,49.13333333333333,3
lake view,49.13037037037037,54
twin lakes,49.098,5
boaz,49.082608695652176,23
north adams,49.07,5
tempe,49.0638888888889,18
twin falls,48.983877551020406,49
allen,48.97941176470589,119
tuscumbia,48.97666666666667,6
brookhaven,48.973333333333336,3
geneva,48.965,30
michigan city,48.958333333333336,12
long beach,48.93854838709677,62
conklin,48.90375,16
goodlettsville,48.882222222222225,9
orleans,48.878,25
tuscaloosa,48.876875,32
lenoir,48.87491228070175,57
reisterstown,48.85178571428572,84
belfield,48.85,1
waverly,48.85,4
huntsville,48.82083333333333,12
sandy hook,48.788888888888884,9
hopkins,48.77469696969697,66
fall creek,48.77333333333333,3
fond du lac,48.76,1
saint gabriel,48.74,1
grand junction,48.697575757575756,132
montgomery,48.67335329341317,167
great barrington,48.65894736842105,19
stoneham,48.656666666666666,3
greenfield,48.63130434782609,23
seattle,48.61937669376694,369
phenix city,48.605000000000004,2
archbald,48.54,1
sophia,48.52,1
eastham,48.5175,8
west jefferson,48.51,1
southington,48.498000000000005,5
sweetwater,48.47333333333333,3
leetonia,48.4,5
richmond,48.373110047846886,418
walnut creek,48.36724137931034,174
san antonio,48.34204918032786,488
fountain,48.34,3
fleming,48.336666666666666,3
seabrook,48.33135416666667,96
indianapolis,48.32017361111111,576
salix,48.294,5
chattanooga,48.24305732484076,157
redding,48.21666666666667,12
newville,48.203333333333326,3
porum,48.17,1
schroon lake,48.15,1
hooker,48.13999999999999,3
monroe,48.09225895316805,363
aurora,48.09171021377672,421
elizabethville,48.0675,4
jessup,48.05444444444444,36
franklin,48.04696035242291,227
pompano beach,48.03339920948617,253
ellettsville,48.00714285714286,14
el centro,47.99,1
johnston city,47.98,12
navarre,47.949600000000004,25
funafuti,47.94199999999999,5
burley,47.92138461538461,65
baton rouge,47.91242857142857,70
league city,47.90113636363637,44
abbeville,47.89237837837838,185
brewster,47.89083333333333,60
poughkeepsie,47.86682692307692,104
boca raton,47.82586206896552,116
mountlake terrace,47.804,35
carlisle,47.773529411764706,17
rego park,47.763925233644855,107
onamia,47.76,1
neenah,47.740833333333335,12
fairview,47.723333333333336,3
paynesville,47.720909090909096,11
el monte,47.710476190476186,21
winthrop,47.695,28
cortland,47.68333333333333,6
williamsport,47.68000000000001,3
coventry,47.66094339622642,53
hawaiian gardens,47.655,2
deer park,47.63249999999999,4
pottsboro,47.61958904109589,73
glen cove,47.61,1
roy,47.605,6
craig,47.585,2
maywood,47.56762820512821,156
bacliff,47.56,1
westfield,47.551034482758624,29
los angeles,47.55036418816388,659
netcong,47.541666666666664,6
leicester,47.477999999999994,10
post falls,47.459411764705884,17
annandale,47.43630434782609,138
west sacramento,47.39975,40
bowling green,47.36227272727273,220
de land,47.357142857142854,7
ellison bay,47.33,1
palatine bridge,47.3225,4
cullowhee,47.3125,4
youngwood,47.305,2
davis,47.303333333333335,3
limington,47.28,5
stephenville,47.24,1
medford,47.238794642857144,224
sheffield lake,47.2173076923077,26
coshocton,47.075641025641026,39
bradenton,47.05897196261682,214
troy,47.04777777777778,9
new marshfield,46.96055555555555,18
mount ulla,46.95125,8
panama city,46.93468085106383,141
freeport,46.8587012987013,77
hitchcock,46.841875,32
mount joy,46.8075,4
arvin,46.74875,8
oklahoma city,46.73880434782609,276
southgate,46.73533333333333,15
ranger,46.71,1
naples,46.70968421052632,95
havre,46.68,7
hoffman estates,46.666666666666664,3
mukwonago,46.649130434782606,69
mesilla park,46.629999999999995,57
acworth,46.600818505338076,281
mccomb,46.59,2
maplewood,46.505,2
oak park,46.489615384615384,26
blountville,46.475,2
webster,46.42411764705883,34
moscow,46.41,2
baytown,46.40925925925926,27
kinderhook,46.4,1
frazeysburg,46.387,10
cheshire,46.38428571428572,21
depew,46.369166666666665,12
greensboro,46.35269461077844,167
hollywood,46.349415204678365,171
osage beach,46.34285714285714,21
higley,46.335,10
northfield,46.32,7
rosendale,46.31,2
marion center,46.294999999999995,48
howells,46.27928571428571,14
tallinn,46.275,2
iowa city,46.2651724137931,58
whitehall,46.234,5
muse,46.2052380952381,21
hazlehurst,46.2,2
coos bay,46.19088888888889,45
rice lake,46.16,4
graniteville,46.1575,4
horse shoe,46.14785714285715,14
compton,46.13278350515464,97
stillwater,46.10666666666666,6
chicago,46.09472878998609,719
saint clairsville,46.0315,20
vancouver,46.0279375,160
porter corners,46.025,2
islandton,46.02157894736842,19
david city,46.007619047619045,42
wayne,46.0,1
dexter,45.99888888888889,9
sioux falls,45.99356435643565,202
brownsville,45.93013333333334,150
great mills,45.93,1
new bloomfield,45.90684210526316,57
west river,45.9,1
wethersfield,45.89951219512195,82
friendsville,45.866,5
baxter,45.865,6
washington court house,45.86083333333333,36
chico,45.85,3
vanceboro,45.8287037037037,54
palm coast,45.80108108108109,74
glenfield,45.79,1
bow,45.76,1
nixa,45.73088235294117,34
destin,45.725,2
ringgold,45.7,1
oldtown,45.69166666666666,6
saint marys,45.683846153846154,13
hannawa falls,45.6675,4
santa rosa,45.61125,8
williamsburg,45.56466666666667,30
kerman,45.5625,4
cartersville,45.52,3
bienville,45.507333333333335,15
warner robins,45.50145299145299,117
township of washington,45.48111111111111,36
marion,45.46541666666666,72
oakhurst,45.4525,4
grosse pointe,45.407777777777774,9
bronx,45.39129263913824,557
new haven,45.38384615384616,13
marcus hook,45.38166666666667,6
granada,45.37,1
chimayo,45.35,1
broad run,45.32036363636364,55
pana,45.30638888888889,36
gloucester,45.28846153846154,78
sebastopol,45.26,2
la porte,45.250449438202246,89
howell,45.205555555555556,9
camp point,45.205,2
dresden,45.14,5
whiteface,45.133333333333326,3
venus,45.10363636363636,22
omaha,45.05413793103448,261
thorndale,45.048,5
dayton,45.04625,64
lake lure,45.04,1
gaithersburg,45.00890625,128
nebraska city,44.9975,8
new matamoras,44.9525,8
waldo,44.95,2
tulsa,44.94028735632184,174
vacaville,44.930033783783784,296
oneida,44.92333333333334,3
calera,44.89,1
millersville,44.89,1
forest,44.88583333333333,12
jay,44.87,15
joliet,44.846666666666664,30
burgaw,44.815,4
agoura hills,44.80666666666667,6
white haven,44.78666666666667,3
baldwinsville,44.73,1
oakville,44.71,1
san rafael,44.70233082706767,133
maysville,44.699999999999996,6
lees summit,44.693599999999996,25
hartville,44.660000000000004,3
salem,44.620000000000005,13
suwanee,44.544065934065934,91
inman,44.531666666666666,48
edgewood,44.49625,8
gorham,44.422222222222224,18
abernathy,44.36,4
eau claire,44.34,2
atkinson,44.32333333333333,12
woodstock,44.29125,8
tonopah,44.29125,8
scott depot,44.26461538461538,26
saint louis,44.25878787878788,132
dumas,44.2375,4
south houston,44.217600000000004,25
stamford,44.21754189944134,179
north woodstock,44.175,2
holly,44.150864197530865,81
new hope,44.13333333333333,3
skiatook,44.12844444444444,45
lake park,44.122,5
le mars,44.11810810810811,37
mesquite,44.08441860465116,86
tiltonsville,44.03,1
cream ridge,44.03,1
mosheim,44.02384615384615,13
providence,44.0183908045977,87
paragould,43.9929012345679,162
tampa,43.99144032921811,243
lubbock,43.946851851851854,216
malden,43.914,5
mc kean,43.901250000000005,8
cape coral,43.863894736842106,95
strasburg,43.832857142857144,7
mosinee,43.832727272727276,33
riverside,43.832071713147414,251
rosharon,43.826249999999995,24
palermo,43.8225,4
inglewood,43.80628205128205,78
campbell,43.80289719626168,107
wixom,43.77,1
culver city,43.737500000000004,12
port huron,43.73,1
sterling heights,43.72811965811965,117
arverne,43.721666666666664,6
purcell,43.695238095238096,21
cleveland,43.6813698630137,365
canastota,43.666666666666664,9
jamesville,43.644999999999996,2
oceanside,43.6437074829932,294
woodbine,43.63022222222222,45
buena park,43.629999999999995,7
earlville,43.589999999999996,7
warrenton,43.572631578947366,19
easton,43.567894736842106,19
dauphin,43.56777777777778,9
milton,43.555783132530124,83
elmer,43.540333333333336,30
clovis,43.50848684210526,152
wrightsville,43.47666666666667,6
jackson,43.469647887323944,142
canton,43.46541284403669,436
olympia,43.411016260162604,246
mars hill,43.362,5
clinton,43.36046610169491,236
rock falls,43.318,10
fort mill,43.2978947368421,38
pine grove,43.28666666666667,3
worcester,43.24531914893617,94
merced,43.22857142857143,21
daniels,43.22,1
winterville,43.2185,40
red oak,43.16222222222222,9
new orleans,43.14339622641509,53
caledonia,43.112857142857145,56
brooklyn,43.111384615384615,715
mc gregor,43.11,2
narberth,43.08948717948718,39
pawtucket,43.06521126760563,71
viola,43.05,1
laceys spring,43.04,1
spring creek,43.0325,8
olmito,43.016862745098045,51
clearlake,42.973333333333336,3
sneads ferry,42.965,4
bountiful,42.935,2
cadillac,42.906666666666666,12
ogilvie,42.86142857142857,7
vincennes,42.85666666666666,9
reseda,42.84,1
lake jackson,42.825,2
edgerton,42.81296296296296,27
clyde,42.80588235294118,17
laguna beach,42.79043478260869,69
rock spring,42.75,1
breese,42.718666666666664,15
trenton,42.66057971014493,69
milwaukee,42.65546012269939,163
new lenox,42.625,2
blue springs,42.616981132075466,106
iron mountain,42.615490196078426,51
saint edward,42.6,1
escanaba,42.56,2
hicksville,42.48,1
castor,42.44,1
enola,42.425,2
monterey park,42.41717391304348,46
long grove,42.41,2
lake orion,42.38212121212121,33
christiana,42.365833333333335,24
abita springs,42.365,2
loganville,42.35677419354838,31
pleasant hope,42.35,3
ontario,42.3375,60
hearne,42.314,5
ottawa,42.303333333333335,6
huntington,42.30222222222223,243
crows landing,42.3,1
wilson,42.26142857142857,7
oriskany falls,42.251666666666665,18
oregon city,42.24428571428571,7
cicero,42.22797297297297,74
chesterfield,42.22551020408164,98
franconia,42.21414634146341,41
pinellas park,42.21249999999999,4
fairland,42.20388888888888,18
erwin,42.195,2
saint maries,42.195,2
grand cane,42.17,1
athol,42.16,1
durham,42.15644736842105,152
delray beach,42.15382352941177,34
tooele,42.11745762711864,59
albuquerque,42.11471830985916,568
la rue,42.07833333333333,6
martinsburg,42.044836065573776,122
raymore,42.01,39
mooresboro,42.00333333333333,6
hogansville,41.983333333333334,3
mira loma,41.96098484848485,132
port crane,41.9475,12
hayden,41.93222222222222,18
minonk,41.88333333333333,3
swanzey,41.864999999999995,2
tenants harbor,41.86,1
lockbourne,41.85666666666666,3
melvindale,41.83,6
shadyside,41.8275,4
dinuba,41.815522388059705,67
el paso,41.69890862944162,394
briceville,41.69571428571429,14
guthrie,41.6925,4
fonda,41.69,1
new philadelphia,41.68333333333333,3
church hill,41.681666666666665,6
green village,41.645714285714284,7
torrance,41.6362962962963,27
kenner,41.6213698630137,73
duluth,41.617284768211924,151
haviland,41.605000000000004,2
elgin,41.581714285714284,35
new braunfels,41.53810810810811,148
tippecanoe,41.53,4
alvin,41.515625,112
la mesa,41.46857142857142,7
indiana,41.46,3
barnstable,41.44405405405406,37
machesney park,41.442,15
owasso,41.40833333333333,6
churubusco,41.35,3
winter haven,41.34,2
boise city,41.32142857142857,21
newcomerstown,41.32,2
walnut ridge,41.29,2
rio rico,41.28460526315789,76
colorado springs,41.27506787330317,221
rothsay,41.275,2
dulac,41.2725,12
foxboro,41.26019607843137,51
starbuck,41.224999999999994,2
southampton,41.215,2
pittsburgh,41.20478260869565,207
rio grande city,41.2,1
lawrenceville,41.167868852459016,61
stuart,41.120620155038765,129
absecon,41.1175,4
grand forks,41.10869918699187,123
macon,41.096000000000004,15
selma,41.07152542372881,59
elk grove,41.05075,200
trinidad,40.99692307692308,39
oswego,40.995333333333335,105
sidney,40.95538461538461,13
wapakoneta,40.94238095238096,21
bloomfield,40.94086206896552,58
randolph,40.928378378378376,37
faribault,40.89,2
howard beach,40.8890909090909,33
mount clare,40.87,2
corpus christi,40.84472392638037,163
birmingham,40.82230303030303,165
grovetown,40.809999999999995,4
peever,40.80555555555556,9
far rockaway,40.7895,20
chicago heights,40.777165354330705,127
harned,40.75,4
chatsworth,40.71133333333333,15
east wenatchee,40.662,5
north wilkesboro,40.625,6
pine bluff,40.61238095238095,21
rescue,40.599999999999994,2
grain valley,40.56333333333333,6
morgantown,40.55375,8
red bank,40.541666666666664,12
lemont,40.52375,8
hilton head island,40.5,1
gaylesville,40.49,1
douglassville,40.46962962962963,27
penitas,40.46666666666667,6
toxey,40.44,1
winter park,40.43,2
point pleasant beach,40.42,2
rialto,40.3885,80
walton,40.345,6
edison,40.34,2
winder,40.33486725663717,113
glenwood springs,40.333333333333336,3
rawson,40.33,2
katy,40.236666666666665,60
temecula,40.22974358974359,39
magnolia,40.21588235294117,17
genesee,40.192,10
round rock,40.16548780487805,82
burney,40.161875,16
independence,40.15090322580645,155
franklinton,40.11941176470588,17
kimball,40.11666666666667,3
north augusta,40.11285714285714,7
hobart,40.111,70
milpitas,40.091460674157304,89
kilgore,40.053999999999995,5
los alamitos,40.03666666666667,3
south beloit,40.024,25
stockbridge,40.0,1
hillsdale,40.0,1
huntley,40.0,1
nocona,40.0,3
creedmoor,39.98769230769231,13
blytheville,39.97966666666666,60
fort gibson,39.97736842105263,38
bailey,39.96,9
pearland,39.9581914893617,94
franklinville,39.95285714285715,14
fayetteville,39.927129186602876,418
kirkland,39.91977272727273,88
mantoloking,39.88,1
honolulu,39.86369863013699,73
sagle,39.855714285714285,7
lebanon,39.852771929824556,285
national park,39.84,1
vevay,39.8225,8
norfolk,39.741290322580646,31
dover,39.68196721311475,61
challis,39.65461538461538,26
vero beach,39.633092783505155,97
stanberry,39.626666666666665,3
novi,39.61279411764706,204
mcminnville,39.56,1
howe,39.555,2
bloomingdale,39.555,6
elk grove village,39.554,10
hurst,39.5029347826087,92
minden,39.480537634408606,93
paramus,39.46,3
lynnwood,39.438125,16
hamlin,39.43333333333334,3
manchester,39.429259259259254,54
mc leansboro,39.416428571428575,28
rockwood,39.39585365853659,41
detroit,39.38629139072847,302
north charleston,39.38285714285714,7
le roy,39.3775,8
steep falls,39.36333333333334,3
elkridge,39.23636363636364,11
draper,39.235,4
bennington,39.21333333333333,3
great falls,39.20695652173913,92
temperance,39.190000000000005,3
grover hill,39.18,17
muskegon,39.17885245901639,61
allentown,39.15986111111111,72
chama,39.129999999999995,2
lima,39.128571428571426,28
rosebud,39.10333333333333,9
dwight,39.10333333333333,9
stratford,39.07111111111111,72
princeton,39.06096153846154,52
muncie,38.9874,50
belvidere,38.95333333333333,3
lilburn,38.95,5
steubenville,38.88,7
moreno valley,38.876292134831466,89
west linn,38.870588235294115,68
chambersburg,38.866952380952384,105
jefferson city,38.8552380952381,21
massillon,38.842600000000004,50
daytona beach,38.82266666666666,90
lewiston,38.81736842105263,19
arcata,38.803999999999995,30
follansbee,38.792,5
newton falls,38.75555555555556,9
cochranville,38.741351351351355,37
florham park,38.73350000000001,60
morenci,38.71333333333333,3
bastrop,38.68535211267606,71
summerville,38.64175,120
silver creek,38.6325,4
auburn,38.62757731958763,194
arab,38.605,6
richards,38.59,1
mendham,38.576470588235296,102
lake in the hills,38.55769230769231,13
vanderbilt,38.52333333333333,3
apalachin,38.48923076923077,13
normal,38.46952380952381,21
holt,38.44,5
palestine,38.425,2
fairfax,38.357692307692304,13
rumney,38.353846153846156,26
hensley,38.34166666666667,6
captiva,38.31,1
rancho santa margarita,38.30714285714286,7
morrisonville,38.275,2
murrayville,38.27333333333333,3
aynor,38.25666666666667,6
cowansville,38.256,30
greenbelt,38.22,1
elko,38.2072,25
butler,38.19388235294117,85
san diego,38.1708883248731,394
oakdale,38.169411764705885,34
kimberly,38.169310344827586,58
charleston,38.16404580152672,131
decatur,38.15773722627737,137
orangeburg,38.12777777777777,9
roosevelt,38.12375,8
petal,38.098,10
passaic,38.093333333333334,33
new prague,38.08692307692308,13
zion grove,38.08047619047619,21
bulverde,38.03785714285714,14
loveland,38.035384615384615,26
campbellsport,38.035,2
high springs,38.021,30
indialantic,38.00736842105263,19
rogersville,38.00333333333334,12
schodack landing,37.95,2
fort wayne,37.92894736842105,19
camilla,37.9284,25
tacoma,37.91229411764706,340
evansville,37.903499999999994,20
pine bush,37.903333333333336,3
redfield,37.87,1
bluffton,37.85261538461538,65
kansas city,37.84979591836735,98
furlong,37.81777777777778,9
pride,37.8,1
lamesa,37.79837837837838,37
crestview,37.79666666666667,24
bonita springs,37.79666666666667,6
bellows falls,37.79,1
deer lodge,37.78866666666667,15
capac,37.70333333333333,12
chevy chase,37.70166666666666,6
east sparta,37.681,20
orchard park,37.66603773584906,106
el cajon,37.65829268292683,41
milan,37.63647058823529,17
greensburg,37.62365853658537,41
bon air,37.61625,16
lawton,37.61545454545455,11
milledgeville,37.615,2
laurel hill,37.58941176470588,17
bell gardens,37.57071428571429,42
capitol heights,37.56272727272727,11
bunnlevel,37.542,5
clarksville,37.538923076923076,130
pittsfield,37.52625,24
towaco,37.49,2
east flat rock,37.47,2
leavittsburg,37.442857142857136,7
cortez,37.44,1
belton,37.43,5
lost creek,37.399130434782606,23
la jolla,37.35333333333333,3
commerce city,37.326274509803916,51
stanley,37.32,3
leesville,37.2925,4
muskogee,37.28971428571429,35
wilsall,37.25,3
williston park,37.23733944954128,109
dos palos,37.235,2
downingtown,37.20454545454545,11
sibley,37.196666666666665,3
buffalo,37.19547826086957,115
derby,37.18804054054054,148
the colony,37.187113402061854,97
fernwood,37.17318181818182,22
taylorville,37.1675,4
dawsonville,37.16555555555556,54
tyronza,37.10125,8
schuylerville,37.1,1
belgrade,37.087555555555554,45
laurel,37.06569892473119,93
groveton,37.0575,4
catlett,37.019999999999996,2
marne,37.01,5
alstead,37.0,1
flower mound,36.99400000000001,10
fontana,36.989080459770115,174
alpena,36.987142857142864,7
port norris,36.952,5
janesville,36.92392156862745,51
bristol,36.91074468085107,94
canaseraga,36.89,4
scarborough,36.86677966101695,59
goodrich,36.855000000000004,2
spooner,36.832,5
ferdinand,36.809999999999995,35
parsons,36.78,3
seaside heights,36.74,1
columbus,36.73009868421053,304
laredo,36.715,4
wagoner,36.712916666666665,24
centralia,36.71071428571429,28
cookeville,36.709545454545456,44
pontotoc,36.704,10
catawba,36.695,2
dodge,36.695,6
hanford,36.685,2
concord,36.602399999999996,150
pamplico,36.57,2
oshkosh,36.55514851485149,101
cramerton,36.54,2
springfield,36.46630872483221,149
green bay,36.461999999999996,100
wendell,36.46,5
piscataway,36.4546,50
batesville,36.44377659574468,188
camano island,36.38375,8
mulberry,36.249375,16
thomson,36.21621621621622,74
gilman,36.192,5
haymarket,36.17,10
jamaica,36.153417721518984,79
havelock,36.15,1
kokomo,36.14275,40
elmhurst,36.126,5
oakboro,36.11,2
tignall,36.11,1
ann arbor,36.106893203883494,103
plymouth,36.01776595744681,94
saugerties,35.98,3
glen flora,35.97,1
rockingham,35.94516129032258,93
kahului,35.92133333333334,15
san benito,35.917500000000004,84
palm bay,35.91575949367089,158
delmont,35.88,1
harwich,35.8615,20
conover,35.85,34
huntingtown,35.84,4
fort payne,35.83,1
thompsontown,35.82666666666667,6
fort mc coy,35.81333333333333,3
eight mile,35.78488372093023,43
wheeler,35.778000000000006,5
melrose park,35.76,4
roan mountain,35.75514285714286,35
newport beach,35.73026315789474,38
king,35.72,2
hillsboro,35.71438596491228,57
jerseyville,35.704,5
keysville,35.7,1
tucker,35.69096774193549,31
johns island,35.67,1
crowley,35.65,8
north fort myers,35.590714285714284,14
bethlehem,35.58300970873787,103
seguin,35.55328244274809,131
wheatland,35.550000000000004,3
wailuku,35.494,5
monsey,35.489,20
sanford,35.44622222222222,90
harrod,35.39625,8
donaldsonville,35.358000000000004,25
rigby,35.34518518518519,27
west middlesex,35.336666666666666,3
bonney lake,35.33117647058823,17
barrington,35.33,1
port gibson,35.3,4
big rapids,35.25,1
fort walton beach,35.24804597701149,87
hope,35.22,24
orange grove,35.21,1
placentia,35.186458333333334,48
la place,35.163333333333334,6
north liberty,35.1525,4
lake junaluska,35.074285714285715,14
van buren,35.0192,100
scottsville,35.01538461538461,13
east alton,35.01333333333333,6
pomona park,34.99,1
okmulgee,34.98,2
barronett,34.98,2
shasta lake,34.968333333333334,6
landing,34.96785714285714,14
edgewater,34.96714285714286,21
bakersville,34.949999999999996,24
irwin,34.932,5
mobile,34.92372239747634,317
grandview,34.885,6
germantown,34.82496,125
edinburg,34.817499999999995,4
pottersville,34.79,1
clinton township,34.780625,96
bartlesville,34.77291666666667,24
flushing,34.76759493670886,79
modesto,34.75814814814815,54
pasadena,34.74723684210526,76
kearney,34.745000000000005,2
dublin,34.72234375,64
meredith,34.7,1
murphys,34.6976,25
waterford,34.696627906976744,86
oak forest,34.69,1
rocky mount,34.68538461538462,13
gladstone,34.67,1
lake havasu city,34.62488721804511,133
colfax,34.59827586206897,29
gunpowder,34.59,1
rocky river,34.57605263157895,38
williamston,34.51444444444444,18
scotts valley,34.5,15
errol,34.49,1
west helena,34.471666666666664,6
east peoria,34.470377358490566,53
seaboard,34.44,2
universal city,34.44,2
burlington,34.3715,80
renton,34.36555555555555,9
chisago city,34.36,1
double springs,34.33,7
bear lake,34.32,3
blanchard,34.31375,24
elkin,34.3,2
newark,34.28388888888889,162
boring,34.28,3
alpharetta,34.2789837398374,246
van voorhis,34.27571428571429,7
kingston,34.27024390243902,41
collingswood,34.25071428571429,14
yoakum,34.25,1
ossining,34.234,15
snyder,34.215,2
lynwood,34.212222222222216,36
ojai,34.18,2
mannford,34.1775,4
grants,34.163333333333334,3
snohomish,34.144999999999996,62
sarasota,34.139448529411766,272
big cove tannery,34.13444444444444,9
vineland,34.096000000000004,5
nashville,34.08206349206349,126
buhl,34.08,1
alachua,34.056666666666665,3
lake forest,34.050561797752806,89
breinigsville,34.05,1
elizabeth,34.03811320754717,106
tarentum,33.998400000000004,25
antioch,33.99545454545454,11
rocklin,33.97666666666667,3
grenada,33.95,60
pryor,33.94157894736842,19
papillion,33.906666666666666,3
rolla,33.894,10
bismarck,33.87875,16
patterson,33.842200000000005,50
yale,33.82,2
fostoria,33.82,5
brookport,33.785,2
river falls,33.76875,8
hammond,33.765882352941176,34
orangeville,33.70666666666667,3
alsip,33.69782608695652,46
collinsville,33.673478260869565,23
east hampton,33.63548387096774,93
hartford,33.62714285714286,7
arapaho,33.62,1
lakeside,33.611399999999996,100
ashburn,33.605555555555554,18
rancho cucamonga,33.60181818181818,121
shelbyville,33.5982,50
washougal,33.59,1
bend,33.555,2
wauconda,33.53675496688742,151
vatican city,33.53375,32
homer city,33.5175,4
house springs,33.46,2
como,33.442708333333336,48
rockaway,33.43857142857143,7
riverton,33.438095238095244,21
moreland,33.43,1
louisa,33.41444444444445,9
clifton,33.41305555555556,36
hooksett,33.405,2
shippensburg,33.4,3
macdoel,33.375,8
minot,33.36,1
blacklick,33.345,2
villanova,33.33,1
stanford,33.32857142857143,56
contoocook,33.32333333333334,9
port orange,33.31769230769231,117
niceville,33.28,3
meadville,33.28,2
findlay,33.271153846153844,52
tonawanda,33.24024691358025,81
mc kees rocks,33.22,1
east greenville,33.17666666666667,3
florence,33.15222222222222,90
pensacola,33.13193277310925,119
spirit lake,33.114,5
exton,33.112857142857145,7
reno,33.08571428571428,7
angier,33.06333333333333,51
dillsboro,33.06,5
merrill,33.057719298245615,57
crystal beach,33.05,1
reedley,33.028888888888886,9
poland,33.025999999999996,5
portageville,33.0035294117647,17
sand lake,33.0,2
bremo bluff,32.99333333333333,9
gresham,32.990512820512826,78
mount pleasant,32.985373134328356,67
eastman,32.98247422680413,97
dearborn heights,32.982,5
summit,32.98,2
sandy lake,32.97857142857143,7
west enfield,32.97,1
crete,32.946000000000005,5
hopkinton,32.93642857142857,14
robstown,32.91,1
shepherdsville,32.88,2
palo cedro,32.86,1
kingsville,32.83909090909091,22
mercer,32.82,14
arnold,32.80530054644809,183
lawrence,32.804545454545455,66
crowder,32.7875,20
spencer,32.77166666666667,6
van alstyne,32.755405405405405,37
frankston,32.75333333333333,3
sheboygan,32.745,2
menomonie,32.736666666666665,3
fort jones,32.6975,12
cedar rapids,32.67700440528635,227
eustis,32.675714285714285,7
stanwood,32.66421052631579,19
waco,32.65793103448276,116
salt rock,32.62769230769231,13
cohasset,32.624,10
rock hill,32.61571428571428,7
manteca,32.587272727272726,77
los lunas,32.57,2
silver city,32.55813559322034,59
brownsburg,32.55684210526315,19
union grove,32.553333333333335,3
carlsbad,32.53,2
tinley park,32.525,2
wewoka,32.519333333333336,30
alpine,32.50714285714286,7
whitehouse station,32.48801886792453,106
jamison,32.48625,8
waynesburg,32.4175,4
greentown,32.40714285714286,7
cedar grove,32.38,5
dyer,32.331923076923076,52
johnsonburg,32.321999999999996,5
underhill,32.32,1
garner,32.28016129032258,62
fullerton,32.26262295081967,61
poca,32.26096774193549,31
maryville,32.257333333333335,30
lakewood,32.1996875,96
pixley,32.18,3
chillicothe,32.1648,25
newberry springs,32.160000000000004,2
guymon,32.095454545454544,11
sedro woolley,32.088,5
hopewell junction,32.08111111111111,9
north highlands,32.068805970149256,67
uniontown,32.025000000000006,2
new rochelle,32.00043478260869,23
thousand oaks,32.0,5
downers grove,31.987368421052633,19
harrison,31.974629629629632,54
everett,31.964025974025976,77
laurinburg,31.961199999999998,25
hummelstown,31.956666666666667,3
livonia,31.94055555555555,18
blaine,31.881666666666664,6
marshall,31.8805,40
hartsdale,31.854222222222223,45
little rock,31.8508904109589,146
escondido,31.818,5
mount holly,31.81142857142857,56
lithonia,31.799999999999997,2
coal township,31.795,2
drumright,31.7425,4
bunn,31.721111111111114,9
mc bee,31.718,30
mackinaw,31.7,1
connellsville,31.689999999999998,3
greencastle,31.689999999999998,4
penn run,31.662857142857142,14
marinette,31.6225,4
cruger,31.61,1
zeeland,31.59,2
newberg,31.580000000000002,2
pacoima,31.578032786885245,61
selinsgrove,31.552500000000002,4
culloden,31.54,25
lisbon,31.488,5
north aurora,31.478571428571428,7
endicott,31.47764705882353,17
orange cove,31.45,2
north myrtle beach,31.383999999999997,5
shelley,31.38,2
north royalton,31.377999999999997,10
kinston,31.37,1
waxhaw,31.355,4
conrath,31.3475,16
lansing,31.345166666666668,60
long valley,31.34333333333333,15
balch springs,31.31275,40
lewistown,31.292755102040818,98
owego,31.262857142857143,14
happy valley,31.1575,8
bancroft,31.136666666666667,3
chaparral,31.135,12
haubstadt,31.12,2
andover,31.101325301204817,83
seligman,31.093333333333334,6
coopersburg,31.0775,4
bedford,31.07,8
bellmore,31.022631578947365,19
keystone heights,31.018181818181816,22
leland,30.98076923076923,13
palatka,30.945,2
manahawkin,30.939661016949152,59
new brunswick,30.915999999999997,70
bessemer,30.90684210526316,114
horseheads,30.89,1
parma,30.844054054054055,37
pierceton,30.8434375,32
stapleton,30.83,24
waunakee,30.77125,8
guilford,30.76153846153846,26
nottingham,30.755,6
ukiah,30.74675925925926,108
wilmer,30.66190476190476,21
la fayette,30.655,4
taylorsville,30.652727272727272,11
lehigh,30.643333333333334,3
reidsville,30.620151515151516,66
peebles,30.611,10
shenandoah,30.61,3
wildersville,30.573,10
austell,30.55333333333333,3
royse city,30.544999999999998,10
seneca falls,30.486666666666665,3
rock city,30.456,5
walden,30.450000000000003,9
new england,30.438333333333333,6
citrus heights,30.418,10
maiden,30.405714285714286,7
corona,30.366410256410255,117
polk city,30.35,5
north lawrence,30.34527777777778,36
killingworth,30.345,2
weatherford,30.334657534246574,73
lucama,30.31,12
north grosvenordale,30.3025,4
lakeville,30.222073170731708,82
crestline,30.211509433962267,53
appleton,30.196140350877194,57
colcord,30.154827586206896,29
eucha,30.14,1
roswell,30.11923076923077,26
montague,30.106666666666666,3
duncan,30.09,3
lake placid,30.055,4
summit argo,30.053392857142857,56
sauk centre,30.025,8
rayne,30.0,2
belmar,29.985,2
grants pass,29.978823529411763,17
calhoun,29.929999999999996,6
palisades park,29.925757575757576,33
coronado,29.918,10
carmichael,29.9,1
alma,29.893333333333334,3
parkville,29.88876543209876,81
norwood,29.88409090909091,22
turlock,29.807325581395347,86
gooding,29.778888888888886,9
madison,29.76533783783784,148
avenel,29.7,1
newnan,29.68,9
charlevoix,29.633548387096774,31
utica,29.629268292682926,82
lyndonville,29.606190476190477,21
ironton,29.6,1
banning,29.595714285714283,35
jeffersonville,29.59166666666667,6
algonquin,29.577333333333332,15
bernalillo,29.5615625,32
meeker,29.56,1
lula,29.535,2
nixon,29.495,2
american fork,29.474999999999998,12
harriman,29.456666666666667,3
valdosta,29.435737704918033,61
manning,29.423000000000002,10
marlborough,29.37,1
pacific grove,29.365000000000002,2
olive branch,29.343333333333334,6
des moines,29.339253731343284,67
camp douglas,29.33,1
east millsboro,29.318,5
cambridge,29.285652173913046,23
damascus,29.27625,8
north chili,29.26666666666667,27
media,29.255,2
prospect park,29.24,1
mesilla,29.22,1
gwynn oak,29.214347826086954,23
clive,29.213333333333335,3
redan,29.18,2
ewa beach,29.17135483870968,155
midlothian,29.151764705882353,17
atwood,29.15,2
brushton,29.13,22
louin,29.115,2
bee branch,29.105,2
edinburgh,29.09043956043956,91
cocoa beach,29.025000000000002,2
golden meadow,29.02,1
rockton,28.964,15
kalkaska,28.94,1
norristown,28.91,1
vincentown,28.87174418604651,86
henryetta,28.87,1
glendale,28.8588198757764,161
savannah,28.850597014925373,67
woodcliff lake,28.848000000000003,5
waldorf,28.836810344827583,116
jeddo,28.774,5
horn lake,28.707142857142856,7
saint johnsbury,28.706470588235295,51
hayward,28.69888888888889,9
oolitic,28.69875,8
oak lawn,28.69,2
willshire,28.634999999999998,2
edmond,28.619999999999997,9
prichard,28.602571428571427,35
sutersville,28.59193548387097,31
wolfe city,28.53,10
delphos,28.523888888888887,36
jackson heights,28.503333333333334,3
grayson,28.503333333333334,3
myrtle,28.485,2
la marque,28.44333333333333,3
camanche,28.433333333333334,6
hattiesburg,28.426458333333333,48
lake toxaway,28.38,1
florissant,28.349999999999998,8
orange lake,28.326666666666668,3
buchanan dam,28.261851851851848,27
springville,28.24,3
bogalusa,28.2125,8
plymouth meeting,28.2,1
kinards,28.2,1
commerce township,28.194444444444443,9
chula vista,28.189163636363638,275
herculaneum,28.16,1
junction city,28.081666666666667,6
richland,28.078125,16
moorpark,28.04,2
beaverton,28.019161676646707,167
mentor,28.000681818181818,88
stow,27.982142857142858,14
new sharon,27.95,1
black mountain,27.939090909090908,11
white bluff,27.89,1
boiling springs,27.845,2
micanopy,27.844545454545457,11
allenton,27.817575757575757,33
valley,27.8,1
watertown,27.79842105263158,19
waldron,27.77,2
parrish,27.74775510204082,98
cornelius,27.72,4
east quogue,27.683333333333334,6
sharpsville,27.651999999999997,5
chapel hill,27.6495,20
mount hope,27.622500000000002,4
crivitz,27.590000000000003,3
burlingame,27.58034482758621,29
earlimart,27.58,2
salinas,27.531538461538464,13
salina,27.49875,8
french lick,27.490000000000002,4
hallstead,27.47,1
mount hood parkdale,27.43,1
seaford,27.40670588235294,85
cape canaveral,27.406666666666666,3
unicoi,27.395999999999997,5
northfield falls,27.38,1
san bernardino,27.35666666666667,3
saint george,27.331481481481482,27
rices landing,27.31833333333333,6
roseville,27.23469798657718,149
blue jay,27.19666666666667,3
port byron,27.163999999999998,10
houghton lake,27.16,1
kendallville,27.136666666666667,3
indio,27.09,4
ulster park,27.035,2
valier,27.01,1
ashland,27.00525,120
saint pauls,27.0,1
piedmont,26.99125,16
gonzales,26.95178947368421,95
pawlet,26.942,5
deltona,26.898333333333337,6
brooks,26.886666666666667,3
prague,26.836666666666662,3
arcola,26.833333333333332,3
colton,26.819375,16
severn,26.805,4
eastpointe,26.78625,88
elkhart,26.73878787878788,33
randleman,26.735,2
kemah,26.727999999999998,5
trion,26.724634146341465,41
shellsburg,26.7,2
skokie,26.69304347826087,69
martinsville,26.691999999999997,25
gering,26.643333333333334,3
waukegan,26.636041666666667,192
bennett,26.613589743589745,39
greeneville,26.59888888888889,27
epsom,26.59,1
ione,26.545,2
mondovi,26.523333333333337,3
west stewartstown,26.493000000000002,10
mckeesport,26.486666666666668,42
de pere,26.47,1
new milford,26.436249999999998,8
south point,26.38333333333333,3
prince frederick,26.35,1
upper darby,26.31714285714286,7
erlanger,26.31,1
altoona,26.296666666666667,3
johnston,26.266000000000002,5
keller,26.260677966101696,59
saint albans,26.250799999999998,25
fairfield,26.206666666666667,75
meraux,26.19,4
westville,26.185714285714287,7
aledo,26.162,5
barberton,26.092613636363637,88
lanesboro,26.055,2
richville,26.025000000000002,2
ansonia,25.990000000000002,2
azle,25.95,2
prospect,25.923333333333332,9
killeen,25.91714285714286,7
north rose,25.9075,8
rainsville,25.885833333333334,24
genoa,25.871999999999996,5
eastlake,25.87086206896552,58
emeryville,25.790714285714284,14
toomsuba,25.76,12
bayside,25.7575,4
brunswick,25.744756097560977,82
trafalgar,25.68,2
fleischmanns,25.63,12
cary,25.62576923076923,26
lanoka harbor,25.6,1
jeromesville,25.595,6
broken arrow,25.581428571428575,21
delano,25.575000000000003,2
teaneck,25.52333333333333,3
plattsburgh,25.497283950617287,81
rocky hill,25.47666666666667,3
dearborn,25.4543949044586,157
flat rock,25.42,3
fitchburg,25.42,1
rochelle,25.419629629629632,54
mc graw,25.405,4
attleboro,25.33,2
washington grove,25.295,6
watsonville,25.279733333333333,150
ardmore,25.268250000000002,40
belfair,25.25962962962963,81
smyrna,25.223999999999997,5
landrum,25.19142857142857,7
mc comb,25.19,1
beaumont,25.15833333333333,24
longview,25.156753246753247,77
west columbia,25.155192307692307,52
millersburg,25.107142857142858,14
littlefield,25.09166666666667,6
fairbury,25.07,1
lena,25.061666666666667,6
el dorado,25.0225,8
arp,25.005000000000003,2
leonard,25.0,2
lodi,24.967142857142857,7
east stroudsburg,24.959999999999997,3
longwood,24.959369369369366,111
beaver,24.94666666666667,6
mosier,24.897142857142857,7
quakertown,24.84,1
laurelville,24.84,1
wittmann,24.81,3
smoaks,24.79,1
manassas,24.7864,25
sodus point,24.7525,4
opelika,24.7,7
parker,24.69,1
east hartford,24.632359550561794,89
bloomington,24.609689440993787,161
woodmere,24.603488372093025,43
jerome,24.561333333333334,15
hesperia,24.55,5
lathrop,24.3175,4
carthage,24.29305263157895,95
wild rose,24.292,5
white heath,24.286666666666665,3
fowler,24.27666666666667,3
fair grove,24.255000000000003,2
woodville,24.22,2
hobe sound,24.2,2
drasco,24.197142857142858,7
palm harbor,24.18,4
leipsic,24.10272727272727,11
orrville,24.09190476190476,42
hickman,24.039333333333335,15
okay,23.976,5
san miguel,23.970000000000002,18
monterey,23.948666666666668,30
sterling,23.943499999999997,60
claypool,23.926923076923078,52
danese,23.919999999999998,5
jackson center,23.918235294117647,17
west sunbury,23.91,1
hingham,23.874000000000002,10
ripley,23.812,5
manteno,23.76235294117647,17
fayette,23.75,3
munford,23.73,1
turpin,23.71,1
colmar,23.689,20
butner,23.68,1
lordsburg,23.625227272727273,44
charlestown,23.557894736842105,19
wheelersburg,23.556,5
laurens,23.545,2
celeste,23.514545454545452,11
dunellen,23.47,1
rutland,23.435,4
vestal,23.41769230769231,13
riverdale,23.414,5
palm desert,23.412857142857142,7
bellwood,23.409999999999997,3
griffin,23.368717948717947,78
camp verde,23.34,1
raymondville,23.32,1
braddock,23.32,2
hailey,23.314545454545453,11
saunderstown,23.305,4
pembroke,23.3,1
bruceton mills,23.299999999999997,4
fort knox,23.279062500000002,32
bettendorf,23.266666666666666,3
harvey,23.22325,80
barnhart,23.220079365079364,126
onawa,23.2,10
antlers,23.155,6
mountain home,23.147499999999997,4
deerwood,23.063333333333333,3
carleton,23.06,26
celina,23.04296296296296,54
pickerington,22.979999999999997,2
cassville,22.968888888888888,9
moses lake,22.957142857142856,7
brooksville,22.93,1
putnam valley,22.90875,8
encinitas,22.87,3
south whitley,22.849999999999998,3
mount gilead,22.819999999999997,3
rutledge,22.81,28
yadkinville,22.806,10
wooster,22.796477272727273,88
huntingburg,22.724736842105262,19
golden valley,22.711111111111112,9
highland park,22.709999999999997,33
northampton,22.66,1
pilot rock,22.645,2
valley springs,22.605,2
salemburg,22.58,1
whitmire,22.576666666666668,6
perrysburg,22.56,1
estherville,22.555625,16
saint amant,22.54,2
doniphan,22.51181818181818,22
lewis center,22.495333333333335,15
doylestown,22.484,5
wallingford,22.48,1
williamsfield,22.4775,4
rockville,22.477,10
stewartsville,22.45,1
west plains,22.399210526315787,38
rincon,22.387215189873416,79
sopchoppy,22.349999999999998,2
victor,22.319444444444443,18
latrobe,22.30611111111111,72
malad city,22.275,18
south el monte,22.25,1
egg harbor township,22.23888888888889,9
ithaca,22.155,2
childersburg,22.13625,8
cross,22.125,2
farmville,22.125,2
sioux city,22.11,2
chelmsford,22.09,1
cosby,22.059666666666665,60
spring mills,22.03,1
bahama,21.975,4
lake alfred,21.95,1
brainerd,21.945,2
artesia,21.926666666666666,3
north ridgeville,21.886,5
san luis obispo,21.78333333333333,6
canfield,21.75333333333333,3
maud,21.6925,12
poway,21.63,6
fellsmere,21.626666666666665,3
fair oaks,21.57,10
bellefonte,21.56,1
evanston,21.55,5
leslie,21.524,5
monessen,21.515,2
hobbs,21.482142857142858,14
fort polk,21.47679245283019,53
villa rica,21.46,1
elfers,21.4275,4
oak ridge,21.402307692307694,13
avenal,21.355,2
cranford,21.35,1
valley village,21.328,5
walker,21.278571428571432,7
manns choice,21.275000000000002,6
itasca,21.215000000000003,2
excelsior springs,21.14,2
delevan,21.139999999999997,3
jamestown,21.126470588235293,17
lady lake,21.123333333333335,54
thomaston,21.11,1
gardner,21.09,7
brownfield,21.08,1
mulkeytown,21.076666666666668,9
new galilee,21.05,2
saint ann,21.02,1
mount rainier,20.935,2
dalton,20.8479381443299,97
la valle,20.805,2
melville,20.776363636363637,11
whites creek,20.708484848484847,33
belle fourche,20.699166666666667,12
galesburg,20.695999999999998,5
lyons,20.657777777777778,9
cloverdale,20.642000000000003,5
becker,20.639999999999997,7
cornell,20.633333333333333,12
ramona,20.572857142857142,7
rock springs,20.57,4
englewood,20.52423076923077,52
port townsend,20.483333333333334,3
redford,20.447727272727274,22
payneville,20.43,3
angie,20.42,1
noblesville,20.404177215189875,79
west covina,20.33875,96
jamul,20.335833333333333,12
scenery hill,20.326,5
laconia,20.27,18
sharon hill,20.23,5
council hill,20.23,13
centerpoint,20.22,1
alhambra,20.07012658227848,158
arnaudville,20.065555555555555,18
chuckey,20.045,2
lake oswego,20.016666666666666,3
otisco,20.009999999999998,2
deming,20.0,3
harrison township,20.0,1
north tazewell,20.0,1
chowchilla,20.0,1
tavares,20.0,2
scotch plains,20.0,1
jesup,20.0,1
baraga,19.98,1
cedarville,19.936842105263157,19
estero,19.906470588235294,17
winnetka,19.9025,4
middleton,19.874761904761904,42
bentley,19.8125,8
pellston,19.78142857142857,7
merchantville,19.774375,16
edwardsville,19.740000000000002,2
edgartown,19.725,2
homewood,19.71,1
waddell,19.673333333333336,6
north monmouth,19.669999999999998,3
bluemont,19.63,1
nevada,19.60625,8
phil campbell,19.578181818181818,11
cheboygan,19.464166666666667,12
summerfield,19.445,2
fall river mills,19.40375,16
galax,19.400000000000002,2
millbrae,19.363571428571426,14
alta,19.326216216216213,37
santa clara,19.243333333333336,6
rossville,19.23090909090909,11
windber,19.2,1
lothian,19.19,1
denmark,19.17,2
etta,19.17,9
bridgeton,19.153606557377046,61
lexington park,19.14,3
callicoon,19.058,20
laurel springs,19.051764705882352,17
valparaiso,19.048,5
north brunswick,19.045185185185186,27
mc arthur,19.03833333333333,6
south haven,18.98333333333333,3
buda,18.935000000000002,8
meridian,18.891823529411766,170
lorain,18.88858695652174,92
summersville,18.833333333333332,3
angels camp,18.795,2
rock port,18.791,10
slovan,18.76809523809524,21
cofield,18.753333333333334,3
falkner,18.7475,4
fawnskin,18.707142857142856,7
slinger,18.689999999999998,2
mendota,18.689999999999998,2
estes park,18.655,2
ballwin,18.648275862068964,29
yreka,18.596666666666668,6
helena,18.586666666666666,9
west terre haute,18.546,5
turners falls,18.51,1
deep gap,18.41,2
lincolnton,18.328636363636363,66
lawrenceburg,18.326666666666668,3
hardy,18.296,5
calverton,18.271,10
greenport,18.2,1
bristow,18.150000000000002,3
fairdale,18.14,1
paris crossing,18.134999999999998,8
south river,18.105,2
belle glade,18.07,3
lincolndale,18.04,1
little elm,18.038666666666664,15
mcloud,17.996666666666666,6
lake stevens,17.990000000000002,4
vincent,17.97,1
doddridge,17.944999999999997,6
socorro,17.810555555555553,18
foreman,17.778333333333332,6
center barnstead,17.750555555555554,18
sayreville,17.75,1
grampian,17.746666666666666,3
sorrento,17.743636363636366,11
mediapolis,17.725,10
cherokee,17.708000000000002,5
federalsburg,17.7,1
dumfries,17.685833333333335,12
sanger,17.627142857142857,14
almont,17.595151515151514,33
heber springs,17.585,2
barre,17.56,3
commerce,17.5544,25
bloomsbury,17.54,2
aliso viejo,17.51142857142857,7
kingsburg,17.456,5
selbyville,17.4175,8
orange springs,17.41,1
kell,17.404,5
wilkesville,17.32,1
fort atkinson,17.2975,4
jenison,17.2725,4
bluewater,17.256249999999998,8
elm grove,17.223333333333333,3
swartz creek,17.187857142857144,14
harrisville,17.1825,4
brookside,17.15,2
valhermoso springs,17.06,1
mantua,17.02466666666667,15
empire,16.99,2
trinity,16.9875,4
harbor city,16.958933333333334,75
pine mountain club,16.88083333333333,12
cottage grove,16.862,5
yakima,16.821,10
winnsboro,16.82,2
interlachen,16.795,2
portola,16.778,5
henniker,16.76923076923077,13
victoria,16.743684210526315,19
walterboro,16.679,10
chunky,16.66,5
tatum,16.656666666666666,3
south wilmington,16.62,2
high falls,16.5975,4
wrentham,16.58,1
colwich,16.579411764705885,17
tustin,16.57,2
brownstown,16.53,1
pelham,16.522,10
tucumcari,16.51,1
bonita,16.51,1
fort sill,16.506,5
glouster,16.445,2
middle point,16.433333333333334,3
platte city,16.41,1
cordele,16.380757575757574,66
driftwood,16.35,1
sunland park,16.346153846153847,13
brimley,16.34,5
connellys springs,16.323636363636364,11
jarreau,16.267500000000002,12
olla,16.24375,8
honey grove,16.2375,4
townsend,16.236666666666665,18
pomeroy,16.19578947368421,19
tulare,16.10571428571429,21
woodburn,16.09777777777778,9
loogootee,16.04,1
alcalde,16.005,2
beverly hills,15.945,6
rustburg,15.87,1
courtland,15.861666666666666,12
hanover park,15.818823529411766,17
santa fe,15.765,2
saluda,15.75,2
haleiwa,15.74,1
morgan,15.68,1
loudonville,15.674444444444443,18
cabot,15.6275,8
duncombe,15.613999999999999,5
old fort,15.588333333333333,12
ulen,15.57,2
canterbury,15.535,2
columbus grove,15.46,2
potter valley,15.450000000000001,2
newcastle,15.440000000000001,2
champaign,15.435,2
procious,15.36,6
proctorville,15.318333333333333,6
forest city,15.31,1
moss beach,15.26,1
livermore falls,15.24,1
wexford,15.185454545454546,11
weaver,15.15,1
mc clure,15.14,1
hedgesville,15.113333333333335,9
bloomfield hills,15.02,1
immokalee,15.015,2
ute,14.841666666666669,18
paducah,14.84,5
jasper,14.822857142857142,21
charmco,14.8125,4
blacksburg,14.805454545454547,11
loves park,14.76,28
richwoods,14.741999999999999,5
keene,14.70263157894737,19
steger,14.7,2
picayune,14.699375,16
hot springs,14.670000000000002,2
line lexington,14.63,3
clare,14.62,1
lake preston,14.600000000000001,9
mullens,14.59,1
lake grove,14.586666666666666,9
owatonna,14.55,1
hyrum,14.493333333333334,3
alamo,14.485192307692309,52
white hall,14.474642857142857,28
lake katrine,14.47,1
bremerton,14.377142857142857,7
willow lake,14.375,2
nazareth,14.36,1
pembroke pines,14.3475,4
grace,14.338181818181818,11
friedens,14.33,6
new windsor,14.31909090909091,22
mandan,14.295,2
marked tree,14.205,2
kincaid,14.19,1
winamac,14.15,1
grimes,14.129999999999999,2
saint marks,14.1,8
rogue river,14.08,1
wilburton,14.058,15
toddville,13.977,10
ceresco,13.955,2
cardiff by the sea,13.95,1
royal palm beach,13.95,2
odenville,13.928837209302326,43
ladera ranch,13.883333333333333,3
ponder,13.855,2
crooksville,13.84,1
imlay city,13.838,5
wills point,13.79,1
roslindale,13.785,8
lumberton,13.783333333333333,12
ghent,13.77,1
ronda,13.752727272727272,11
surprise,13.69,1
mckinleyville,13.64125,8
sewickley,13.627777777777778,9
tioga,13.57,1
poplar bluff,13.567878787878788,33
mount carmel,13.54857142857143,7
patchogue,13.54,1
suncook,13.488,5
napoleon,13.46,1
the villages,13.4536,25
matagorda,13.41,1
lebec,13.4,1
redwood falls,13.344999999999999,2
melcher-dallas,13.344,5
unionville,13.326500000000001,20
clear lake,13.287368421052632,19
pinetops,13.264999999999999,2
snowflake,13.22,2
lobeco,13.2,2
gobles,13.17,2
flatwoods,13.090000000000002,7
dubach,13.055,2
north palm beach,13.05,2
hoagland,12.978181818181817,11
hanna city,12.975,2
burnsville,12.953333333333333,3
amherst,12.782222222222224,45
joplin,12.765,4
sperry,12.66,1
bunker hill,12.6425,4
garden city,12.63056338028169,71
highlandville,12.625,2
fruita,12.587428571428571,35
rosedale,12.556666666666667,3
port barre,12.55,1
baker,12.535,2
bogata,12.49,3
mays landing,12.484,10
sprankle mills,12.445,2
frederick,12.402222222222223,9
farmingdale,12.4,1
teterboro,12.317499999999999,4
thomasville,12.315999999999999,5
villas,12.315625,16
wadesboro,12.27,2
pollock,12.15,1
manasquan,12.130500000000001,40
west fargo,12.09,1
coalgate,12.083333333333334,12
margaretville,12.075,8
madison lake,12.05,1
cuyahoga falls,11.95891891891892,37
tieton,11.86,10
griffith,11.84,2
crenshaw,11.811428571428573,14
rapid city,11.75,1
newington,11.64,21
cedar lake,11.565000000000001,2
ashtabula,11.56,7
havre de grace,11.52,1
montalba,11.5,2
panama city beach,11.497499999999999,4
twin lake,11.46,4
douglas,11.43,1
corning,11.425714285714283,7
atascadero,11.38,1
groton,11.325,2
fort dix,11.313571428571427,14
trevor,11.299999999999999,3
western springs,11.23,1
de kalb,11.229999999999999,3
armada,11.225000000000001,2
quitman,11.193333333333333,3
yuba city,11.12,3
comstock park,11.11,1
fraser,11.11,1
volcano,11.08,1
leo,11.075,2
adamsburg,10.99,1
sumter,10.945576923076922,52
fairmount city,10.915000000000001,6
granite falls,10.83,1
daggett,10.83,1
bergheim,10.814615384615385,13
middlebury,10.76,1
calhoun city,10.755,8
daleville,10.74,2
lewellen,10.72,1
sandusky,10.7,110
wausau,10.664285714285715,7
nanticoke,10.655000000000001,2
yuma,10.65,1
angleton,10.6,2
cromwell,10.59,2
arkoma,10.545714285714286,7
robbins,10.501999999999999,5
quanah,10.5,1
fort madison,10.45,2
pell city,10.44,3
winston salem,10.405538461538463,65
dale,10.39,1
carey,10.373333333333333,9
pittston,10.31,1
casa blanca,10.276666666666666,3
oxon hill,10.233333333333334,3
argonia,10.19,2
spring arbor,10.167499999999999,4
shelby,10.14,5
slayton,10.11,1
coolidge,10.08,1
gastonia,10.066666666666666,36
garrett,10.062,5
walnut,10.03,1
kinsman,9.995000000000001,2
sidman,9.98,1
howland,9.954285714285716,7
punxsutawney,9.905,6
ripon,9.89,3
freehold,9.889473684210527,19
levelland,9.884,5
new ulm,9.87,2
lovelady,9.85,1
college grove,9.8,1
demorest,9.76,1
mebane,9.74,4
oakland city,9.713333333333333,3
orfordville,9.693333333333333,3
leon,9.67,1
jamaica plain,9.613333333333333,3
odon,9.6025,8
roscoe,9.567272727272726,11
manorville,9.555,2
amana,9.55,1
san jacinto,9.5475,4
fleetwood,9.438333333333334,6
saint cloud,9.4125,4
lee,9.4,1
stone ridge,9.38,1
breaux bridge,9.375,8
bethpage,9.334999999999999,2
homer,9.3325,4
cashion,9.3,2
red bluff,9.247352941176471,68
rienzi,9.21,1
monahans,9.19,1
libertyville,9.084,5
show low,9.053529411764705,17
asheville,8.99077922077922,77
cedar knolls,8.99,1
dalbo,8.99,1
pioche,8.963333333333333,3
chase,8.952857142857143,7
kamas,8.9075,4
pickrell,8.870000000000001,2
ridley park,8.87,1
bay shore,8.87,1
candler,8.8,1
oxnard,8.743333333333334,3
allenhurst,8.735,2
pocono summit,8.725000000000001,2
manchester township,8.7175,4
cherry valley,8.65,1
prairie village,8.593333333333334,9
pinson,8.55,2
norris city,8.55,1
fair haven,8.535,2
vilnius,8.4975,4
cut off,8.475,2
east leroy,8.47,2
madrid,8.446666666666665,3
fort bragg,8.434999999999999,2
brandenburg,8.386666666666667,3
new iberia,8.38,1
east elmhurst,8.209999999999999,2
porter,8.15,2
shelocta,8.08625,8
purgitsville,8.06,1
fisher,8.022758620689656,29
nahant,8.02,1
harlingen,8.0,1
sussex,7.996666666666667,3
wood dale,7.935,6
hallsville,7.9159999999999995,5
winton,7.909000000000001,10
magna,7.87,1
livingston,7.827500000000001,4
espanola,7.807499999999999,4
woodland,7.7749999999999995,4
brecksville,7.77,2
philippi,7.716666666666666,3
goodwell,7.696000000000001,5
clarks hill,7.62,1
cheney,7.596000000000001,5
avon park,7.48,1
clarksdale,7.473636363636363,11
monmouth,7.455,18
hull,7.444999999999999,18
pilger,7.409999999999999,5
wister,7.376666666666666,3
lake,7.37,1
hoopa,7.34,1
vallecito,7.273999999999999,5
marcus,7.156666666666666,3
corinth,7.112727272727272,11
newberry,7.11,1
mililani,6.9925,4
bunch,6.989999999999999,9
owensville,6.946666666666666,6
vining,6.94,4
barnesville,6.88,3
upton,6.83,2
south san francisco,6.78,1
spiro,6.78,7
lithia springs,6.76,1
vernon,6.647173913043478,46
toppenish,6.615,2
manhattan beach,6.584444444444444,9
dousman,6.477692307692308,13
koppel,6.46,2
mastic beach,6.43,1
cement,6.43,1
wauchula,6.405,2
nerstrand,6.39,1
white house,6.381666666666667,6
north easton,6.38,2
center,6.36,1
algodones,6.3566666666666665,3
goodfellow afb,6.29,1
cedar city,6.28,1
bartlett,6.255000000000001,2
holliston,6.24,2
good hope,6.205,2
harwood heights,6.14,1
imboden,6.125,2
tanner,6.12,1
statesville,6.075942028985508,69
cannelburg,6.0594117647058825,17
osborn,6.046666666666667,3
jemez pueblo,6.04,1
biddeford,6.04,1
perry hall,5.978571428571429,7
nunda,5.965,4
monee,5.92,1
rowley,5.9079999999999995,5
oil springs,5.766666666666667,6
pacific,5.72,2
sugarcreek,5.6499999999999995,3
glenham,5.62,3
cheyenne,5.58,2
eastanollee,5.486666666666667,6
smiths station,5.45,1
orrum,5.3,1
granada hills,5.286666666666666,6
klamath falls,5.285,2
fitzgerald,5.278965517241378,29
princeton junction,5.244285714285715,7
falmouth,5.21,2
crane,5.197341772151899,79
hinesville,5.183333333333334,9
cathedral city,5.1775,8
joppa,5.17,1
largo,5.088888888888889,9
leroy,5.085,2
phelps,5.07,1
ironwood,5.06,1
sausalito,5.0,1
du bois,4.97,3
allardt,4.862,5
wickliffe,4.775,2
little falls,4.745,2
san bruno,4.7,1
blue eye,4.699999999999999,2
keyser,4.6850000000000005,2
strattanville,4.636666666666667,3
benton,4.635714285714286,7
west point,4.62,1
ovid,4.61,1
garwood,4.57,1
winlock,4.56,1
kapowsin,4.44,1
peabody,4.413,10
delancey,4.3999999999999995,3
east homer,4.39,1
grabill,4.373333333333333,9
indian valley,4.3133333333333335,3
menlo,4.28,2
griggsville,4.26,1
ashley,4.22,1
kalida,4.178,5
coinjock,4.16,2
horton,4.15,8
bayport,4.132499999999999,4
round hill,4.125,2
bloomville,4.09,1
wapato,4.08,1
earlington,4.065,4
north beach,4.046,5
shinnston,4.02,1
hardinsburg,3.9824999999999995,28
brawley,3.9625,4
groveoak,3.92,1
baird,3.86,1
plaquemine,3.8579999999999997,5
evarts,3.8375,4
wurtsboro,3.67,2
east texas,3.615,2
whitefish,3.53,1
penfield,3.5,1
willsboro,3.46,1
gaston,3.41,1
troutville,3.41,1
chalmette,3.4,1
concordville,3.3925,4
peachland,3.34,2
collins,3.315,6
simpsonville,3.3,2
gerber,3.25,1
beacon,3.248333333333333,6
potomac,3.17,1
wilmore,3.17,1
black hawk,3.16,1
boyes hot springs,3.12,2
littlerock,3.1199999999999997,3
deshler,3.0949999999999998,2
arthur,3.06,1
hazelton,3.04,1
montevideo,3.02,1
justin,2.956666666666667,3
pesotum,2.945,2
hampshire,2.93,2
meyersdale,2.9233333333333333,3
apple creek,2.895,2
trumann,2.87,2
tallassee,2.8642857142857143,7
biggs,2.85,1
dothan,2.785,2
cecil,2.715,2
akron,2.7,1
cloverport,2.697142857142857,7
ellsworth,2.67,1
nokomis,2.67,1
fairacres,2.67,1
south richmond hill,2.65,1
townley,2.648,10
ponca city,2.55,1
leechburg,2.52,1
evergreen park,2.505,2
robertsville,2.49,1
pickett,2.485,2
myrtle point,2.48,1
crab orchard,2.45,2
elk rapids,2.4166666666666665,3
mullen,2.37,1
cumby,2.3633333333333333,3
north bay,2.36,1
staatsburg,2.34,1
carroll,2.34,1
hurt,2.33,1
copemish,2.305,2
rantoul,2.302142857142857,14
culver,2.2933333333333334,3
laporte,2.29,1
luther,2.27,1
new market,2.2266666666666666,54
chenango forks,2.2025,4
rogers,2.19,1
coleman,2.145,2
mancelona,2.1399999999999997,2
pequea,2.135,2
wilmot,2.13,1
barnardsville,2.1033333333333335,3
stanfordville,2.08,1
sullivans island,2.0,1
mecosta,1.98,1
lanham,1.96,1
cullen,1.9533333333333331,3
fife lake,1.93,3
kelford,1.9,1
redwood valley,1.89,1
nicholson,1.82,3
campton,1.7799999999999998,2
coats,1.5985714285714285,7
four oaks,1.595,2
whitefield,1.4672,25
nichols,1.45,1
rowlesburg,1.4133333333333333,3
almyra,1.23,2
indian trail,1.22,1
marina,1.215625,16
kerhonkson,1.1997142857142857,35
lone tree,1.17,1
indian head,1.155,4
thrall,1.15,1
steinhatchee,1.11,2
newbury,1.04,1
kittanning,0.98,1
pine plains,0.9566666666666667,6
elmendorf,0.93,1
ferndale,0.79,1
new bedford,0.75,2
crewe,0.6,1
rankin,0.48142857142857143,7
macedonia,0.46,1
elkins,0.46,1
rural valley,0.4107692307692308,39
vandergrift,0.38,1
pekin,0.32,2
lone pine,0.07,1
